"student_id","credential_type","term_number","term_label"
"STU000003","Bachelor",22,"2022Q2"
"STU000006","Bachelor",21,"2022Q1"
"STU000008","Bachelor",17,"2021Q1"
"STU000010","Bachelor",10,"2019Q2"
"STU000014","Bachelor",15,"2020Q3"
"STU000017","Associate",7,"2018Q3"
"STU000018","Bachelor",23,"2022Q3"
"STU000023","Certificate",7,"2018Q3"
"STU000030","Bachelor",17,"2021Q1"
"STU000031","Associate",16,"2020Q4"
"STU000033","Associate",7,"2018Q3"
"STU000039","Bachelor",15,"2020Q3"
"STU000042","Bachelor",15,"2020Q3"
"STU000045","Bachelor",20,"2021Q4"
"STU000048","Associate",9,"2019Q1"
"STU000048","Bachelor",21,"2022Q1"
"STU000049","Certificate",6,"2018Q2"
"STU000050","Associate",12,"2019Q4"
"STU000050","Bachelor",19,"2021Q3"
"STU000052","Associate",9,"2019Q1"
"STU000052","Bachelor",18,"2021Q2"
"STU000054","Bachelor",22,"2022Q2"
"STU000057","Bachelor",16,"2020Q4"
"STU000059","Bachelor",15,"2020Q3"
"STU000061","Bachelor",17,"2021Q1"
"STU000063","Certificate",4,"2017Q4"
"STU000069","Bachelor",26,"2023Q2"
"STU000070","Bachelor",20,"2021Q4"
"STU000072","Certificate",7,"2018Q3"
"STU000072","Associate",11,"2019Q3"
"STU000073","Associate",19,"2021Q3"
"STU000075","Certificate",5,"2018Q1"
"STU000075","Associate",8,"2018Q4"
"STU000076","Associate",11,"2019Q3"
"STU000078","Associate",9,"2019Q1"
"STU000080","Certificate",4,"2017Q4"
"STU000082","Associate",2,"2017Q2"
"STU000083","Associate",2,"2017Q2"
"STU000084","Bachelor",15,"2020Q3"
"STU000085","Associate",18,"2021Q2"
"STU000085","Bachelor",19,"2021Q3"
"STU000087","Bachelor",16,"2020Q4"
"STU000097","Bachelor",13,"2020Q1"
"STU000102","Certificate",4,"2017Q4"
"STU000104","Certificate",7,"2018Q3"
"STU000107","Bachelor",17,"2021Q1"
"STU000108","Bachelor",17,"2021Q1"
"STU000109","Bachelor",17,"2021Q1"
"STU000110","Associate",9,"2019Q1"
"STU000111","Associate",8,"2018Q4"
"STU000115","Certificate",4,"2017Q4"
"STU000116","Bachelor",16,"2020Q4"
"STU000117","Certificate",4,"2017Q4"
"STU000119","Bachelor",13,"2020Q1"
"STU000120","Bachelor",17,"2021Q1"
"STU000122","Associate",8,"2018Q4"
"STU000122","Bachelor",17,"2021Q1"
"STU000124","Bachelor",20,"2021Q4"
"STU000126","Associate",7,"2018Q3"
"STU000128","Bachelor",15,"2020Q3"
"STU000136","Associate",13,"2020Q1"
"STU000137","Associate",2,"2017Q2"
"STU000144","Associate",19,"2021Q3"
"STU000146","Associate",8,"2018Q4"
"STU000150","Bachelor",24,"2022Q4"
"STU000153","Bachelor",23,"2022Q3"
"STU000156","Bachelor",10,"2019Q2"
"STU000158","Bachelor",17,"2021Q1"
"STU000159","Associate",8,"2018Q4"
"STU000159","Bachelor",18,"2021Q2"
"STU000166","Bachelor",15,"2020Q3"
"STU000168","Associate",8,"2018Q4"
"STU000168","Bachelor",20,"2021Q4"
"STU000173","Certificate",4,"2017Q4"
"STU000174","Associate",19,"2021Q3"
"STU000175","Bachelor",9,"2019Q1"
"STU000180","Bachelor",17,"2021Q1"
"STU000182","Bachelor",16,"2020Q4"
"STU000184","Bachelor",24,"2022Q4"
"STU000190","Bachelor",15,"2020Q3"
"STU000196","Associate",9,"2019Q1"
"STU000200","Associate",9,"2019Q1"
"STU000200","Bachelor",19,"2021Q3"
"STU000208","Associate",7,"2018Q3"
"STU000214","Certificate",7,"2018Q3"
"STU000216","Associate",2,"2017Q2"
"STU000218","Bachelor",15,"2020Q3"
"STU000220","Bachelor",20,"2021Q4"
"STU000223","Bachelor",25,"2023Q1"
"STU000230","Bachelor",21,"2022Q1"
"STU000232","Bachelor",17,"2021Q1"
"STU000233","Certificate",6,"2018Q2"
"STU000234","Bachelor",20,"2021Q4"
"STU000236","Bachelor",18,"2021Q2"
"STU000242","Associate",16,"2020Q4"
"STU000246","Bachelor",15,"2020Q3"
"STU000248","Bachelor",20,"2021Q4"
"STU000250","Associate",20,"2021Q4"
"STU000253","Bachelor",28,"2023Q4"
"STU000255","Bachelor",25,"2023Q1"
"STU000256","Bachelor",16,"2020Q4"
"STU000259","Certificate",5,"2018Q1"
"STU000260","Associate",4,"2017Q4"
"STU000261","Bachelor",11,"2019Q3"
"STU000263","Certificate",7,"2018Q3"
"STU000266","Bachelor",22,"2022Q2"
"STU000268","Certificate",4,"2017Q4"
"STU000269","Certificate",4,"2017Q4"
"STU000271","Bachelor",22,"2022Q2"
"STU000273","Bachelor",15,"2020Q3"
"STU000276","Bachelor",17,"2021Q1"
"STU000279","Certificate",6,"2018Q2"
"STU000279","Associate",10,"2019Q2"
"STU000280","Associate",3,"2017Q3"
"STU000285","Associate",17,"2021Q1"
"STU000288","Bachelor",17,"2021Q1"
"STU000289","Bachelor",17,"2021Q1"
"STU000290","Bachelor",16,"2020Q4"
"STU000291","Bachelor",20,"2021Q4"
"STU000292","Bachelor",17,"2021Q1"
"STU000295","Associate",17,"2021Q1"
"STU000296","Associate",9,"2019Q1"
"STU000300","Bachelor",19,"2021Q3"
"STU000302","Certificate",7,"2018Q3"
"STU000304","Certificate",6,"2018Q2"
"STU000304","Associate",9,"2019Q1"
"STU000308","Bachelor",7,"2018Q3"
"STU000317","Bachelor",27,"2023Q3"
"STU000318","Certificate",5,"2018Q1"
"STU000319","Bachelor",16,"2020Q4"
"STU000320","Certificate",5,"2018Q1"
"STU000322","Bachelor",18,"2021Q2"
"STU000324","Bachelor",11,"2019Q3"
"STU000325","Associate",15,"2020Q3"
"STU000326","Associate",9,"2019Q1"
"STU000326","Bachelor",18,"2021Q2"
"STU000327","Bachelor",16,"2020Q4"
"STU000328","Bachelor",17,"2021Q1"
"STU000331","Bachelor",15,"2020Q3"
"STU000333","Associate",14,"2020Q2"
"STU000336","Certificate",6,"2018Q2"
"STU000336","Associate",10,"2019Q2"
"STU000339","Associate",9,"2019Q1"
"STU000344","Associate",8,"2018Q4"
"STU000346","Bachelor",17,"2021Q1"
"STU000348","Bachelor",22,"2022Q2"
"STU000352","Bachelor",19,"2021Q3"
"STU000355","Certificate",5,"2018Q1"
"STU000358","Associate",13,"2020Q1"
"STU000359","Bachelor",15,"2020Q3"
"STU000360","Associate",9,"2019Q1"
"STU000366","Associate",8,"2018Q4"
"STU000370","Associate",7,"2018Q3"
"STU000377","Bachelor",15,"2020Q3"
"STU000379","Associate",16,"2020Q4"
"STU000379","Bachelor",20,"2021Q4"
"STU000382","Certificate",4,"2017Q4"
"STU000383","Bachelor",15,"2020Q3"
"STU000386","Associate",4,"2017Q4"
"STU000387","Certificate",7,"2018Q3"
"STU000390","Bachelor",20,"2021Q4"
"STU000391","Bachelor",28,"2023Q4"
"STU000392","Bachelor",15,"2020Q3"
"STU000394","Bachelor",15,"2020Q3"
"STU000396","Certificate",6,"2018Q2"
"STU000408","Bachelor",17,"2021Q1"
"STU000410","Bachelor",15,"2020Q3"
"STU000414","Certificate",5,"2018Q1"
"STU000415","Associate",4,"2017Q4"
"STU000417","Associate",14,"2020Q2"
"STU000419","Associate",15,"2020Q3"
"STU000420","Bachelor",10,"2019Q2"
"STU000423","Certificate",7,"2018Q3"
"STU000423","Associate",11,"2019Q3"
"STU000425","Bachelor",18,"2021Q2"
"STU000432","Bachelor",17,"2021Q1"
"STU000433","Certificate",4,"2017Q4"
"STU000435","Bachelor",22,"2022Q2"
"STU000439","Bachelor",18,"2021Q2"
"STU000441","Certificate",6,"2018Q2"
"STU000441","Associate",10,"2019Q2"
"STU000442","Bachelor",23,"2022Q3"
"STU000449","Associate",9,"2019Q1"
"STU000449","Bachelor",18,"2021Q2"
"STU000453","Bachelor",15,"2020Q3"
"STU000461","Certificate",6,"2018Q2"
"STU000467","Bachelor",25,"2023Q1"
"STU000468","Associate",7,"2018Q3"
"STU000471","Certificate",6,"2018Q2"
"STU000471","Associate",10,"2019Q2"
"STU000477","Bachelor",19,"2021Q3"
"STU000480","Certificate",6,"2018Q2"
"STU000480","Associate",11,"2019Q3"
"STU000482","Associate",19,"2021Q3"
"STU000487","Bachelor",15,"2020Q3"
"STU000489","Bachelor",20,"2021Q4"
"STU000490","Bachelor",16,"2020Q4"
"STU000491","Certificate",5,"2018Q1"
"STU000491","Associate",9,"2019Q1"
"STU000492","Bachelor",21,"2022Q1"
"STU000493","Associate",3,"2017Q3"
"STU000494","Bachelor",17,"2021Q1"
"STU000498","Bachelor",29,NA
"STU000499","Bachelor",29,NA
"STU000500","Bachelor",20,"2021Q4"
"STU000506","Bachelor",11,"2019Q3"
"STU000508","Bachelor",29,NA
"STU000509","Associate",9,"2019Q1"
"STU000509","Bachelor",21,"2022Q1"
"STU000513","Bachelor",28,"2023Q4"
"STU000514","Associate",9,"2019Q1"
"STU000515","Associate",7,"2018Q3"
"STU000517","Certificate",6,"2018Q2"
"STU000522","Certificate",6,"2018Q2"
"STU000522","Associate",11,"2019Q3"
"STU000523","Associate",8,"2018Q4"
"STU000529","Bachelor",27,"2023Q3"
"STU000530","Associate",13,"2020Q1"
"STU000532","Associate",4,"2017Q4"
"STU000533","Bachelor",17,"2021Q1"
"STU000535","Bachelor",15,"2020Q3"
"STU000537","Associate",20,"2021Q4"
"STU000537","Bachelor",18,"2021Q2"
"STU000538","Bachelor",14,"2020Q2"
"STU000540","Bachelor",17,"2021Q1"
"STU000541","Bachelor",16,"2020Q4"
"STU000542","Certificate",7,"2018Q3"
"STU000543","Associate",9,"2019Q1"
"STU000543","Bachelor",18,"2021Q2"
"STU000545","Bachelor",19,"2021Q3"
"STU000546","Bachelor",16,"2020Q4"
"STU000548","Bachelor",16,"2020Q4"
"STU000560","Associate",14,"2020Q2"
"STU000560","Bachelor",19,"2021Q3"
"STU000563","Bachelor",16,"2020Q4"
"STU000565","Certificate",6,"2018Q2"
"STU000565","Associate",11,"2019Q3"
"STU000566","Associate",8,"2018Q4"
"STU000571","Bachelor",16,"2020Q4"
"STU000573","Bachelor",27,"2023Q3"
"STU000576","Associate",8,"2018Q4"
"STU000577","Bachelor",16,"2020Q4"
"STU000578","Bachelor",29,NA
"STU000583","Bachelor",20,"2021Q4"
"STU000588","Bachelor",9,"2019Q1"
"STU000592","Bachelor",14,"2020Q2"
"STU000593","Bachelor",17,"2021Q1"
"STU000595","Bachelor",17,"2021Q1"
"STU000597","Certificate",5,"2018Q1"
"STU000600","Associate",7,"2018Q3"
"STU000606","Associate",2,"2017Q2"
"STU000607","Bachelor",23,"2022Q3"
"STU000610","Bachelor",17,"2021Q1"
"STU000611","Bachelor",17,"2021Q1"
"STU000612","Associate",9,"2019Q1"
"STU000614","Bachelor",15,"2020Q3"
"STU000616","Certificate",5,"2018Q1"
"STU000626","Certificate",5,"2018Q1"
"STU000626","Associate",8,"2018Q4"
"STU000630","Associate",14,"2020Q2"
"STU000630","Bachelor",19,"2021Q3"
"STU000631","Bachelor",17,"2021Q1"
"STU000632","Associate",9,"2019Q1"
"STU000632","Bachelor",19,"2021Q3"
"STU000634","Bachelor",17,"2021Q1"
"STU000641","Certificate",5,"2018Q1"
"STU000641","Associate",9,"2019Q1"
"STU000642","Bachelor",17,"2021Q1"
"STU000647","Associate",18,"2021Q2"
"STU000652","Associate",7,"2018Q3"
"STU000655","Bachelor",15,"2020Q3"
"STU000660","Associate",10,"2019Q2"
"STU000665","Associate",8,"2018Q4"
"STU000667","Bachelor",16,"2020Q4"
"STU000668","Bachelor",20,"2021Q4"
"STU000670","Certificate",5,"2018Q1"
"STU000670","Associate",9,"2019Q1"
"STU000671","Bachelor",16,"2020Q4"
"STU000673","Bachelor",15,"2020Q3"
"STU000675","Certificate",5,"2018Q1"
"STU000675","Associate",8,"2018Q4"
"STU000677","Bachelor",16,"2020Q4"
"STU000681","Certificate",5,"2018Q1"
"STU000681","Associate",9,"2019Q1"
"STU000683","Bachelor",16,"2020Q4"
"STU000684","Associate",9,"2019Q1"
"STU000685","Bachelor",26,"2023Q2"
"STU000687","Certificate",4,"2017Q4"
"STU000687","Associate",7,"2018Q3"
"STU000688","Associate",2,"2017Q2"
"STU000690","Associate",2,"2017Q2"
"STU000691","Associate",8,"2018Q4"
"STU000694","Bachelor",24,"2022Q4"
"STU000696","Certificate",5,"2018Q1"
"STU000696","Associate",11,"2019Q3"
"STU000701","Bachelor",16,"2020Q4"
"STU000705","Bachelor",28,"2023Q4"
"STU000708","Associate",7,"2018Q3"
"STU000708","Bachelor",20,"2021Q4"
"STU000711","Bachelor",17,"2021Q1"
"STU000713","Bachelor",15,"2020Q3"
"STU000714","Bachelor",17,"2021Q1"
"STU000715","Bachelor",17,"2021Q1"
"STU000719","Bachelor",28,"2023Q4"
"STU000721","Bachelor",16,"2020Q4"
"STU000724","Bachelor",16,"2020Q4"
"STU000727","Bachelor",17,"2021Q1"
"STU000728","Bachelor",19,"2021Q3"
"STU000729","Associate",18,"2021Q2"
"STU000730","Bachelor",16,"2020Q4"
"STU000733","Bachelor",9,"2019Q1"
"STU000742","Bachelor",27,"2023Q3"
"STU000745","Bachelor",20,"2021Q4"
"STU000750","Associate",8,"2018Q4"
"STU000753","Associate",9,"2019Q1"
"STU000754","Associate",9,"2019Q1"
"STU000756","Associate",18,"2021Q2"
"STU000764","Associate",9,"2019Q1"
"STU000767","Associate",8,"2018Q4"
"STU000770","Bachelor",15,"2020Q3"
"STU000776","Bachelor",17,"2021Q1"
"STU000780","Certificate",5,"2018Q1"
"STU000780","Associate",9,"2019Q1"
"STU000781","Bachelor",15,"2020Q3"
"STU000785","Certificate",5,"2018Q1"
"STU000785","Associate",8,"2018Q4"
"STU000787","Certificate",7,"2018Q3"
"STU000789","Bachelor",16,"2020Q4"
"STU000792","Associate",15,"2020Q3"
"STU000792","Bachelor",17,"2021Q1"
"STU000796","Certificate",5,"2018Q1"
"STU000796","Associate",10,"2019Q2"
"STU000798","Associate",21,"2022Q1"
"STU000800","Bachelor",16,"2020Q4"
"STU000801","Bachelor",14,"2020Q2"
"STU000804","Bachelor",7,"2018Q3"
"STU000811","Bachelor",8,"2018Q4"
"STU000812","Bachelor",17,"2021Q1"
"STU000815","Bachelor",16,"2020Q4"
"STU000816","Bachelor",27,"2023Q3"
"STU000821","Associate",9,"2019Q1"
"STU000822","Bachelor",18,"2021Q2"
"STU000824","Associate",9,"2019Q1"
"STU000827","Certificate",6,"2018Q2"
"STU000829","Associate",8,"2018Q4"
"STU000830","Bachelor",22,"2022Q2"
"STU000832","Bachelor",16,"2020Q4"
"STU000835","Bachelor",19,"2021Q3"
"STU000836","Bachelor",8,"2018Q4"
"STU000840","Bachelor",16,"2020Q4"
"STU000841","Bachelor",28,"2023Q4"
"STU000843","Certificate",7,"2018Q3"
"STU000843","Associate",11,"2019Q3"
"STU000846","Associate",13,"2020Q1"
"STU000849","Associate",9,"2019Q1"
"STU000850","Bachelor",16,"2020Q4"
"STU000852","Bachelor",16,"2020Q4"
"STU000859","Bachelor",27,"2023Q3"
"STU000861","Certificate",7,"2018Q3"
"STU000861","Associate",11,"2019Q3"
"STU000869","Associate",8,"2018Q4"
"STU000887","Associate",9,"2019Q1"
"STU000887","Bachelor",19,"2021Q3"
"STU000889","Certificate",5,"2018Q1"
"STU000889","Associate",9,"2019Q1"
"STU000894","Certificate",6,"2018Q2"
"STU000895","Associate",7,"2018Q3"
"STU000897","Associate",8,"2018Q4"
"STU000897","Bachelor",20,"2021Q4"
"STU000900","Bachelor",15,"2020Q3"
"STU000902","Bachelor",18,"2021Q2"
"STU000904","Bachelor",16,"2020Q4"
"STU000905","Associate",9,"2019Q1"
"STU000905","Bachelor",20,"2021Q4"
"STU000908","Bachelor",26,"2023Q2"
"STU000913","Associate",3,"2017Q3"
"STU000914","Bachelor",22,"2022Q2"
"STU000918","Bachelor",11,"2019Q3"
"STU000920","Associate",20,"2021Q4"
"STU000921","Certificate",6,"2018Q2"
"STU000921","Associate",9,"2019Q1"
"STU000925","Bachelor",27,"2023Q3"
"STU000926","Associate",10,"2019Q2"
"STU000927","Certificate",6,"2018Q2"
"STU000929","Associate",2,"2017Q2"
"STU000932","Bachelor",25,"2023Q1"
"STU000937","Bachelor",27,"2023Q3"
"STU000938","Associate",9,"2019Q1"
"STU000939","Associate",8,"2018Q4"
"STU000939","Bachelor",18,"2021Q2"
"STU000940","Bachelor",17,"2021Q1"
"STU000941","Bachelor",20,"2021Q4"
"STU000943","Bachelor",25,"2023Q1"
"STU000945","Bachelor",11,"2019Q3"
"STU000946","Certificate",6,"2018Q2"
"STU000946","Associate",10,"2019Q2"
"STU000947","Bachelor",23,"2022Q3"
"STU000950","Bachelor",16,"2020Q4"
"STU000952","Associate",11,"2019Q3"
"STU000954","Bachelor",16,"2020Q4"
"STU000959","Bachelor",16,"2020Q4"
"STU000961","Bachelor",18,"2021Q2"
"STU000962","Associate",18,"2021Q2"
"STU000964","Bachelor",13,"2020Q1"
"STU000965","Associate",7,"2018Q3"
"STU000967","Bachelor",26,"2023Q2"
"STU000968","Bachelor",17,"2021Q1"
"STU000970","Certificate",5,"2018Q1"
"STU000970","Associate",8,"2018Q4"
"STU000971","Bachelor",7,"2018Q3"
"STU000978","Associate",15,"2020Q3"
"STU000978","Bachelor",19,"2021Q3"
"STU000980","Bachelor",15,"2020Q3"
"STU000983","Bachelor",28,"2023Q4"
"STU000985","Associate",8,"2018Q4"
"STU000988","Associate",20,"2021Q4"
"STU000988","Bachelor",19,"2021Q3"
"STU000990","Certificate",7,"2018Q3"
"STU000991","Bachelor",24,"2022Q4"
"STU000993","Bachelor",17,"2021Q1"
"STU000996","Certificate",5,"2018Q1"
"STU000996","Associate",9,"2019Q1"
"STU000997","Bachelor",15,"2020Q3"
"STU000998","Bachelor",23,"2022Q3"
"STU000999","Bachelor",29,NA
"STU001001","Bachelor",17,"2021Q1"
"STU001006","Associate",3,"2017Q3"
"STU001009","Bachelor",18,"2021Q2"
"STU001010","Certificate",6,"2018Q2"
"STU001011","Bachelor",16,"2020Q4"
"STU001014","Bachelor",25,"2023Q1"
"STU001017","Certificate",5,"2018Q1"
"STU001018","Bachelor",22,"2022Q2"
"STU001020","Associate",7,"2018Q3"
"STU001020","Bachelor",18,"2021Q2"
"STU001026","Bachelor",28,"2023Q4"
"STU001028","Associate",2,"2017Q2"
"STU001029","Bachelor",16,"2020Q4"
"STU001030","Associate",9,"2019Q1"
"STU001031","Bachelor",27,"2023Q3"
"STU001034","Associate",7,"2018Q3"
"STU001034","Bachelor",16,"2020Q4"
"STU001036","Bachelor",17,"2021Q1"
"STU001041","Bachelor",23,"2022Q3"
"STU001049","Bachelor",15,"2020Q3"
"STU001051","Bachelor",7,"2018Q3"
"STU001052","Bachelor",20,"2021Q4"
"STU001055","Associate",2,"2017Q2"
"STU001056","Associate",19,"2021Q3"
"STU001056","Bachelor",18,"2021Q2"
"STU001060","Associate",7,"2018Q3"
"STU001066","Associate",7,"2018Q3"
"STU001069","Bachelor",10,"2019Q2"
"STU001075","Bachelor",18,"2021Q2"
"STU001076","Bachelor",8,"2018Q4"
"STU001078","Bachelor",16,"2020Q4"
"STU001081","Certificate",6,"2018Q2"
"STU001082","Bachelor",25,"2023Q1"
"STU001088","Bachelor",16,"2020Q4"
"STU001091","Bachelor",17,"2021Q1"
"STU001092","Bachelor",17,"2021Q1"
"STU001094","Certificate",5,"2018Q1"
"STU001105","Associate",9,"2019Q1"
"STU001107","Associate",9,"2019Q1"
"STU001107","Bachelor",21,"2022Q1"
"STU001115","Bachelor",20,"2021Q4"
"STU001117","Associate",9,"2019Q1"
"STU001119","Bachelor",16,"2020Q4"
"STU001123","Bachelor",28,"2023Q4"
"STU001124","Bachelor",24,"2022Q4"
"STU001125","Associate",3,"2017Q3"
"STU001126","Certificate",4,"2017Q4"
"STU001130","Bachelor",11,"2019Q3"
"STU001131","Bachelor",15,"2020Q3"
"STU001134","Bachelor",20,"2021Q4"
"STU001136","Associate",9,"2019Q1"
"STU001141","Certificate",7,"2018Q3"
"STU001142","Certificate",4,"2017Q4"
"STU001142","Associate",8,"2018Q4"
"STU001151","Bachelor",18,"2021Q2"
"STU001154","Bachelor",17,"2021Q1"
"STU001157","Bachelor",14,"2020Q2"
"STU001159","Bachelor",15,"2020Q3"
"STU001160","Bachelor",7,"2018Q3"
"STU001162","Associate",9,"2019Q1"
"STU001162","Bachelor",21,"2022Q1"
"STU001163","Associate",21,"2022Q1"
"STU001165","Bachelor",23,"2022Q3"
"STU001171","Bachelor",24,"2022Q4"
"STU001172","Bachelor",29,NA
"STU001175","Bachelor",9,"2019Q1"
"STU001176","Certificate",6,"2018Q2"
"STU001177","Bachelor",15,"2020Q3"
"STU001179","Bachelor",16,"2020Q4"
"STU001181","Associate",4,"2017Q4"
"STU001182","Bachelor",16,"2020Q4"
"STU001184","Bachelor",20,"2021Q4"
"STU001186","Associate",9,"2019Q1"
"STU001187","Associate",3,"2017Q3"
"STU001196","Bachelor",15,"2020Q3"
"STU001201","Certificate",7,"2018Q3"
"STU001204","Certificate",6,"2018Q2"
"STU001206","Bachelor",16,"2020Q4"
"STU001208","Bachelor",16,"2020Q4"
"STU001209","Bachelor",26,"2023Q2"
"STU001211","Associate",8,"2018Q4"
"STU001214","Bachelor",8,"2018Q4"
"STU001215","Associate",20,"2021Q4"
"STU001216","Bachelor",15,"2020Q3"
"STU001219","Bachelor",25,"2023Q1"
"STU001222","Bachelor",16,"2020Q4"
"STU001226","Associate",2,"2017Q2"
"STU001228","Bachelor",11,"2019Q3"
"STU001232","Bachelor",22,"2022Q2"
"STU001237","Bachelor",17,"2021Q1"
"STU001238","Bachelor",22,"2022Q2"
"STU001240","Bachelor",27,"2023Q3"
"STU001241","Certificate",5,"2018Q1"
"STU001242","Certificate",6,"2018Q2"
"STU001248","Certificate",6,"2018Q2"
"STU001248","Associate",10,"2019Q2"
"STU001250","Associate",2,"2017Q2"
"STU001253","Bachelor",15,"2020Q3"
"STU001259","Associate",17,"2021Q1"
"STU001259","Bachelor",20,"2021Q4"
"STU001261","Associate",4,"2017Q4"
"STU001268","Bachelor",26,"2023Q2"
"STU001269","Bachelor",28,"2023Q4"
"STU001273","Bachelor",11,"2019Q3"
"STU001276","Bachelor",28,"2023Q4"
"STU001280","Certificate",4,"2017Q4"
"STU001281","Bachelor",10,"2019Q2"
"STU001283","Bachelor",16,"2020Q4"
"STU001287","Associate",7,"2018Q3"
"STU001289","Certificate",5,"2018Q1"
"STU001289","Associate",9,"2019Q1"
"STU001291","Bachelor",15,"2020Q3"
"STU001292","Certificate",6,"2018Q2"
"STU001301","Associate",9,"2019Q1"
"STU001301","Bachelor",21,"2022Q1"
"STU001303","Bachelor",10,"2019Q2"
"STU001312","Bachelor",16,"2020Q4"
"STU001314","Bachelor",18,"2021Q2"
"STU001315","Bachelor",7,"2018Q3"
"STU001320","Bachelor",24,"2022Q4"
"STU001321","Associate",8,"2018Q4"
"STU001322","Bachelor",18,"2021Q2"
"STU001323","Associate",10,"2019Q2"
"STU001327","Associate",2,"2017Q2"
"STU001328","Certificate",5,"2018Q1"
"STU001328","Associate",9,"2019Q1"
"STU001329","Bachelor",20,"2021Q4"
"STU001333","Associate",7,"2018Q3"
"STU001334","Bachelor",15,"2020Q3"
"STU001336","Associate",7,"2018Q3"
"STU001339","Certificate",5,"2018Q1"
"STU001339","Associate",10,"2019Q2"
"STU001340","Bachelor",16,"2020Q4"
"STU001341","Bachelor",17,"2021Q1"
"STU001346","Associate",9,"2019Q1"
"STU001346","Bachelor",22,"2022Q2"
"STU001347","Bachelor",29,NA
"STU001349","Bachelor",19,"2021Q3"
"STU001351","Associate",2,"2017Q2"
"STU001354","Associate",10,"2019Q2"
"STU001356","Associate",8,"2018Q4"
"STU001358","Bachelor",15,"2020Q3"
"STU001360","Certificate",5,"2018Q1"
"STU001365","Bachelor",25,"2023Q1"
"STU001368","Associate",9,"2019Q1"
"STU001370","Associate",7,"2018Q3"
"STU001372","Certificate",6,"2018Q2"
"STU001374","Certificate",5,"2018Q1"
"STU001374","Associate",9,"2019Q1"
"STU001379","Associate",7,"2018Q3"
"STU001384","Certificate",6,"2018Q2"
"STU001387","Associate",9,"2019Q1"
"STU001393","Certificate",4,"2017Q4"
"STU001394","Bachelor",20,"2021Q4"
"STU001396","Associate",2,"2017Q2"
"STU001397","Associate",9,"2019Q1"
"STU001403","Associate",8,"2018Q4"
"STU001404","Certificate",5,"2018Q1"
"STU001404","Associate",8,"2018Q4"
"STU001405","Associate",19,"2021Q3"
"STU001408","Associate",2,"2017Q2"
"STU001414","Associate",8,"2018Q4"
"STU001415","Certificate",4,"2017Q4"
"STU001417","Bachelor",23,"2022Q3"
"STU001420","Bachelor",14,"2020Q2"
"STU001423","Certificate",4,"2017Q4"
"STU001424","Certificate",7,"2018Q3"
"STU001432","Certificate",5,"2018Q1"
"STU001436","Bachelor",26,"2023Q2"
"STU001438","Bachelor",15,"2020Q3"
"STU001440","Bachelor",17,"2021Q1"
"STU001442","Associate",21,"2022Q1"
"STU001448","Associate",9,"2019Q1"
"STU001452","Certificate",7,"2018Q3"
"STU001452","Associate",11,"2019Q3"
"STU001453","Associate",9,"2019Q1"
"STU001454","Bachelor",26,"2023Q2"
"STU001458","Bachelor",21,"2022Q1"
"STU001459","Associate",2,"2017Q2"
"STU001460","Associate",9,"2019Q1"
"STU001461","Bachelor",15,"2020Q3"
"STU001462","Bachelor",16,"2020Q4"
"STU001463","Associate",8,"2018Q4"
"STU001464","Bachelor",17,"2021Q1"
"STU001465","Bachelor",15,"2020Q3"
"STU001469","Bachelor",9,"2019Q1"
"STU001474","Certificate",7,"2018Q3"
"STU001475","Bachelor",17,"2021Q1"
"STU001493","Bachelor",26,"2023Q2"
"STU001494","Bachelor",17,"2021Q1"
"STU001499","Associate",15,"2020Q3"
"STU001505","Associate",16,"2020Q4"
"STU001506","Bachelor",20,"2021Q4"
"STU001507","Associate",3,"2017Q3"
"STU001513","Bachelor",14,"2020Q2"
"STU001514","Associate",9,"2019Q1"
"STU001514","Bachelor",20,"2021Q4"
"STU001517","Bachelor",17,"2021Q1"
"STU001519","Bachelor",27,"2023Q3"
"STU001520","Bachelor",25,"2023Q1"
"STU001527","Bachelor",29,NA
"STU001531","Bachelor",19,"2021Q3"
"STU001535","Bachelor",15,"2020Q3"
"STU001538","Bachelor",17,"2021Q1"
"STU001542","Bachelor",21,"2022Q1"
"STU001543","Bachelor",15,"2020Q3"
"STU001544","Associate",14,"2020Q2"
"STU001545","Certificate",5,"2018Q1"
"STU001547","Bachelor",27,"2023Q3"
"STU001551","Certificate",6,"2018Q2"
"STU001552","Certificate",6,"2018Q2"
"STU001555","Bachelor",16,"2020Q4"
"STU001561","Bachelor",20,"2021Q4"
"STU001563","Bachelor",15,"2020Q3"
"STU001566","Certificate",6,"2018Q2"
"STU001571","Certificate",6,"2018Q2"
"STU001571","Associate",10,"2019Q2"
"STU001576","Bachelor",15,"2020Q3"
"STU001580","Bachelor",27,"2023Q3"
"STU001583","Certificate",7,"2018Q3"
"STU001586","Bachelor",28,"2023Q4"
"STU001587","Associate",9,"2019Q1"
"STU001589","Associate",4,"2017Q4"
"STU001590","Bachelor",27,"2023Q3"
"STU001593","Associate",16,"2020Q4"
"STU001593","Bachelor",20,"2021Q4"
"STU001594","Associate",7,"2018Q3"
"STU001596","Associate",17,"2021Q1"
"STU001597","Bachelor",15,"2020Q3"
"STU001602","Bachelor",15,"2020Q3"
"STU001603","Bachelor",15,"2020Q3"
"STU001606","Associate",8,"2018Q4"
"STU001615","Associate",21,"2022Q1"
"STU001617","Associate",19,"2021Q3"
"STU001618","Bachelor",20,"2021Q4"
"STU001621","Bachelor",16,"2020Q4"
"STU001622","Certificate",6,"2018Q2"
"STU001625","Associate",19,"2021Q3"
"STU001625","Bachelor",22,"2022Q2"
"STU001626","Certificate",5,"2018Q1"
"STU001631","Bachelor",19,"2021Q3"
"STU001634","Bachelor",17,"2021Q1"
"STU001640","Associate",8,"2018Q4"
"STU001641","Bachelor",15,"2020Q3"
"STU001642","Bachelor",16,"2020Q4"
"STU001644","Bachelor",8,"2018Q4"
"STU001647","Bachelor",27,"2023Q3"
"STU001652","Associate",7,"2018Q3"
"STU001652","Bachelor",19,"2021Q3"
"STU001654","Associate",9,"2019Q1"
"STU001658","Certificate",4,"2017Q4"
"STU001661","Bachelor",16,"2020Q4"
"STU001662","Associate",2,"2017Q2"
"STU001664","Certificate",5,"2018Q1"
"STU001664","Associate",10,"2019Q2"
"STU001667","Certificate",4,"2017Q4"
"STU001669","Bachelor",23,"2022Q3"
"STU001675","Bachelor",17,"2021Q1"
"STU001680","Bachelor",21,"2022Q1"
"STU001682","Associate",21,"2022Q1"
"STU001686","Bachelor",17,"2021Q1"
"STU001687","Bachelor",11,"2019Q3"
"STU001689","Associate",8,"2018Q4"
"STU001694","Bachelor",8,"2018Q4"
"STU001698","Bachelor",18,"2021Q2"
"STU001700","Associate",8,"2018Q4"
"STU001700","Bachelor",17,"2021Q1"
"STU001705","Bachelor",8,"2018Q4"
"STU001719","Associate",9,"2019Q1"
"STU001722","Bachelor",15,"2020Q3"
"STU001724","Bachelor",19,"2021Q3"
"STU001726","Bachelor",25,"2023Q1"
"STU001728","Bachelor",17,"2021Q1"
"STU001731","Associate",8,"2018Q4"
"STU001733","Bachelor",25,"2023Q1"
"STU001738","Bachelor",23,"2022Q3"
"STU001739","Associate",9,"2019Q1"
"STU001742","Bachelor",23,"2022Q3"
"STU001743","Certificate",6,"2018Q2"
"STU001743","Associate",9,"2019Q1"
"STU001748","Bachelor",16,"2020Q4"
"STU001749","Bachelor",9,"2019Q1"
"STU001750","Associate",9,"2019Q1"
"STU001755","Associate",8,"2018Q4"
"STU001757","Bachelor",9,"2019Q1"
"STU001758","Bachelor",8,"2018Q4"
"STU001760","Bachelor",19,"2021Q3"
"STU001764","Bachelor",16,"2020Q4"
"STU001765","Associate",10,"2019Q2"
"STU001770","Bachelor",17,"2021Q1"
"STU001776","Bachelor",15,"2020Q3"
"STU001786","Bachelor",16,"2020Q4"
"STU001788","Bachelor",27,"2023Q3"
"STU001790","Bachelor",21,"2022Q1"
"STU001794","Associate",9,"2019Q1"
"STU001795","Certificate",5,"2018Q1"
"STU001797","Bachelor",27,"2023Q3"
"STU001802","Associate",20,"2021Q4"
"STU001804","Bachelor",27,"2023Q3"
"STU001805","Associate",7,"2018Q3"
"STU001805","Bachelor",17,"2021Q1"
"STU001806","Associate",7,"2018Q3"
"STU001807","Certificate",5,"2018Q1"
"STU001813","Certificate",5,"2018Q1"
"STU001816","Bachelor",16,"2020Q4"
"STU001819","Bachelor",15,"2020Q3"
"STU001820","Certificate",5,"2018Q1"
"STU001820","Associate",9,"2019Q1"
"STU001824","Certificate",7,"2018Q3"
"STU001828","Associate",11,"2019Q3"
"STU001829","Bachelor",16,"2020Q4"
"STU001839","Bachelor",29,NA
"STU001842","Bachelor",17,"2021Q1"
"STU001844","Certificate",6,"2018Q2"
"STU001846","Associate",9,"2019Q1"
"STU001851","Bachelor",25,"2023Q1"
"STU001853","Bachelor",15,"2020Q3"
"STU001856","Certificate",4,"2017Q4"
"STU001857","Associate",7,"2018Q3"
"STU001862","Associate",9,"2019Q1"
"STU001868","Certificate",4,"2017Q4"
"STU001870","Bachelor",26,"2023Q2"
"STU001872","Certificate",6,"2018Q2"
"STU001876","Associate",8,"2018Q4"
"STU001877","Bachelor",16,"2020Q4"
"STU001879","Bachelor",7,"2018Q3"
"STU001883","Bachelor",28,"2023Q4"
"STU001884","Bachelor",20,"2021Q4"
"STU001891","Certificate",4,"2017Q4"
"STU001892","Associate",18,"2021Q2"
"STU001892","Bachelor",21,"2022Q1"
"STU001894","Bachelor",14,"2020Q2"
"STU001896","Bachelor",19,"2021Q3"
"STU001898","Associate",8,"2018Q4"
"STU001898","Bachelor",17,"2021Q1"
"STU001904","Bachelor",8,"2018Q4"
"STU001905","Associate",8,"2018Q4"
"STU001905","Bachelor",19,"2021Q3"
"STU001913","Bachelor",7,"2018Q3"
"STU001914","Associate",8,"2018Q4"
"STU001914","Bachelor",21,"2022Q1"
"STU001915","Bachelor",16,"2020Q4"
"STU001919","Bachelor",15,"2020Q3"
"STU001923","Associate",4,"2017Q4"
"STU001926","Associate",20,"2021Q4"
"STU001931","Bachelor",16,"2020Q4"
"STU001935","Bachelor",27,"2023Q3"
"STU001938","Bachelor",15,"2020Q3"
"STU001941","Certificate",7,"2018Q3"
"STU001943","Bachelor",17,"2021Q1"
"STU001945","Bachelor",16,"2020Q4"
"STU001956","Associate",9,"2019Q1"
"STU001956","Bachelor",20,"2021Q4"
"STU001957","Associate",9,"2019Q1"
"STU001957","Bachelor",21,"2022Q1"
"STU001958","Bachelor",26,"2023Q2"
"STU001963","Associate",4,"2017Q4"
"STU001964","Associate",15,"2020Q3"
"STU001971","Bachelor",9,"2019Q1"
"STU001972","Associate",7,"2018Q3"
"STU001972","Bachelor",17,"2021Q1"
"STU001973","Certificate",4,"2017Q4"
"STU001974","Bachelor",25,"2023Q1"
"STU001976","Bachelor",16,"2020Q4"
"STU001979","Bachelor",23,"2022Q3"
"STU001985","Associate",9,"2019Q1"
"STU001989","Associate",10,"2019Q2"
"STU001990","Associate",7,"2018Q3"
"STU001990","Bachelor",18,"2021Q2"
"STU001991","Associate",15,"2020Q3"
"STU001991","Bachelor",19,"2021Q3"
"STU001999","Associate",17,"2021Q1"
"STU002001","Bachelor",15,"2020Q3"
"STU002002","Bachelor",16,"2020Q4"
"STU002003","Associate",2,"2017Q2"
"STU002004","Bachelor",17,"2021Q1"
"STU002006","Bachelor",25,"2023Q1"
"STU002008","Associate",17,"2021Q1"
"STU002010","Associate",9,"2019Q1"
"STU002011","Certificate",5,"2018Q1"
"STU002011","Associate",9,"2019Q1"
"STU002017","Bachelor",17,"2021Q1"
"STU002032","Associate",9,"2019Q1"
"STU002032","Bachelor",22,"2022Q2"
"STU002035","Bachelor",15,"2020Q3"
"STU002037","Associate",9,"2019Q1"
"STU002040","Bachelor",16,"2020Q4"
"STU002045","Associate",2,"2017Q2"
"STU002047","Associate",7,"2018Q3"
"STU002048","Bachelor",16,"2020Q4"
"STU002049","Certificate",6,"2018Q2"
"STU002049","Associate",10,"2019Q2"
"STU002050","Certificate",7,"2018Q3"
"STU002051","Certificate",6,"2018Q2"
"STU002052","Associate",21,"2022Q1"
"STU002056","Certificate",5,"2018Q1"
"STU002060","Bachelor",15,"2020Q3"
"STU002062","Associate",9,"2019Q1"
"STU002064","Bachelor",29,NA
"STU002068","Bachelor",25,"2023Q1"
"STU002070","Bachelor",15,"2020Q3"
"STU002073","Certificate",5,"2018Q1"
"STU002074","Bachelor",26,"2023Q2"
"STU002077","Associate",12,"2019Q4"
"STU002077","Bachelor",20,"2021Q4"
"STU002078","Bachelor",23,"2022Q3"
"STU002079","Associate",7,"2018Q3"
"STU002079","Bachelor",18,"2021Q2"
"STU002081","Bachelor",26,"2023Q2"
"STU002083","Associate",9,"2019Q1"
"STU002086","Bachelor",18,"2021Q2"
"STU002090","Associate",18,"2021Q2"
"STU002090","Bachelor",21,"2022Q1"
"STU002094","Bachelor",9,"2019Q1"
"STU002098","Bachelor",16,"2020Q4"
"STU002101","Bachelor",16,"2020Q4"
"STU002102","Certificate",7,"2018Q3"
"STU002105","Bachelor",20,"2021Q4"
"STU002108","Bachelor",17,"2021Q1"
"STU002114","Bachelor",19,"2021Q3"
"STU002116","Associate",9,"2019Q1"
"STU002116","Bachelor",21,"2022Q1"
"STU002119","Associate",21,"2022Q1"
"STU002126","Associate",7,"2018Q3"
"STU002130","Certificate",5,"2018Q1"
"STU002135","Bachelor",16,"2020Q4"
"STU002138","Certificate",5,"2018Q1"
"STU002139","Bachelor",15,"2020Q3"
"STU002141","Bachelor",27,"2023Q3"
"STU002142","Associate",18,"2021Q2"
"STU002143","Bachelor",14,"2020Q2"
"STU002144","Associate",9,"2019Q1"
"STU002146","Associate",7,"2018Q3"
"STU002147","Certificate",6,"2018Q2"
"STU002147","Associate",11,"2019Q3"
"STU002149","Certificate",6,"2018Q2"
"STU002149","Associate",9,"2019Q1"
"STU002152","Certificate",7,"2018Q3"
"STU002155","Bachelor",18,"2021Q2"
"STU002158","Associate",7,"2018Q3"
"STU002165","Certificate",7,"2018Q3"
"STU002167","Bachelor",16,"2020Q4"
"STU002170","Associate",4,"2017Q4"
"STU002177","Associate",15,"2020Q3"
"STU002177","Bachelor",16,"2020Q4"
"STU002183","Associate",9,"2019Q1"
"STU002183","Bachelor",20,"2021Q4"
"STU002186","Bachelor",15,"2020Q3"
"STU002188","Certificate",6,"2018Q2"
"STU002188","Associate",10,"2019Q2"
"STU002189","Bachelor",17,"2021Q1"
"STU002191","Bachelor",16,"2020Q4"
"STU002195","Associate",7,"2018Q3"
"STU002196","Bachelor",16,"2020Q4"
"STU002198","Certificate",5,"2018Q1"
"STU002199","Associate",3,"2017Q3"
"STU002200","Certificate",7,"2018Q3"
"STU002200","Associate",11,"2019Q3"
"STU002202","Bachelor",15,"2020Q3"
"STU002203","Associate",20,"2021Q4"
"STU002204","Bachelor",15,"2020Q3"
"STU002207","Associate",2,"2017Q2"
"STU002208","Associate",18,"2021Q2"
"STU002212","Associate",20,"2021Q4"
"STU002212","Bachelor",21,"2022Q1"
"STU002214","Bachelor",20,"2021Q4"
"STU002216","Associate",3,"2017Q3"
"STU002217","Associate",8,"2018Q4"
"STU002220","Bachelor",22,"2022Q2"
"STU002222","Bachelor",17,"2021Q1"
"STU002223","Bachelor",16,"2020Q4"
"STU002225","Bachelor",17,"2021Q1"
"STU002227","Bachelor",17,"2021Q1"
"STU002232","Bachelor",8,"2018Q4"
"STU002235","Bachelor",16,"2020Q4"
"STU002241","Certificate",6,"2018Q2"
"STU002248","Bachelor",14,"2020Q2"
"STU002252","Bachelor",27,"2023Q3"
"STU002253","Associate",8,"2018Q4"
"STU002256","Certificate",5,"2018Q1"
"STU002256","Associate",9,"2019Q1"
"STU002265","Bachelor",23,"2022Q3"
"STU002266","Associate",12,"2019Q4"
"STU002268","Bachelor",16,"2020Q4"
"STU002272","Associate",8,"2018Q4"
"STU002273","Bachelor",16,"2020Q4"
"STU002277","Certificate",7,"2018Q3"
"STU002280","Bachelor",19,"2021Q3"
"STU002283","Bachelor",18,"2021Q2"
"STU002285","Bachelor",22,"2022Q2"
"STU002286","Certificate",6,"2018Q2"
"STU002287","Associate",7,"2018Q3"
"STU002288","Bachelor",17,"2021Q1"
"STU002293","Associate",20,"2021Q4"
"STU002299","Bachelor",16,"2020Q4"
"STU002301","Associate",14,"2020Q2"
"STU002304","Associate",7,"2018Q3"
"STU002304","Bachelor",18,"2021Q2"
"STU002305","Associate",7,"2018Q3"
"STU002305","Bachelor",16,"2020Q4"
"STU002306","Bachelor",15,"2020Q3"
"STU002310","Bachelor",11,"2019Q3"
"STU002312","Certificate",5,"2018Q1"
"STU002312","Associate",8,"2018Q4"
"STU002315","Bachelor",17,"2021Q1"
"STU002317","Bachelor",10,"2019Q2"
"STU002319","Bachelor",29,NA
"STU002320","Certificate",6,"2018Q2"
"STU002323","Bachelor",15,"2020Q3"
"STU002324","Associate",4,"2017Q4"
"STU002326","Bachelor",29,NA
"STU002330","Associate",9,"2019Q1"
"STU002333","Associate",8,"2018Q4"
"STU002333","Bachelor",17,"2021Q1"
"STU002334","Associate",7,"2018Q3"
"STU002334","Bachelor",20,"2021Q4"
"STU002337","Certificate",5,"2018Q1"
"STU002337","Associate",9,"2019Q1"
"STU002338","Bachelor",21,"2022Q1"
"STU002341","Associate",7,"2018Q3"
"STU002343","Associate",8,"2018Q4"
"STU002344","Associate",7,"2018Q3"
"STU002349","Associate",4,"2017Q4"
"STU002354","Bachelor",25,"2023Q1"
"STU002355","Associate",21,"2022Q1"
"STU002359","Bachelor",16,"2020Q4"
"STU002364","Associate",7,"2018Q3"
"STU002364","Bachelor",19,"2021Q3"
"STU002367","Certificate",5,"2018Q1"
"STU002368","Bachelor",17,"2021Q1"
"STU002376","Associate",8,"2018Q4"
"STU002376","Bachelor",16,"2020Q4"
"STU002378","Bachelor",10,"2019Q2"
"STU002379","Certificate",6,"2018Q2"
"STU002379","Associate",10,"2019Q2"
"STU002387","Bachelor",17,"2021Q1"
"STU002393","Bachelor",15,"2020Q3"
"STU002409","Bachelor",15,"2020Q3"
"STU002413","Bachelor",15,"2020Q3"
"STU002414","Bachelor",16,"2020Q4"
"STU002418","Associate",17,"2021Q1"
"STU002418","Bachelor",19,"2021Q3"
"STU002424","Associate",8,"2018Q4"
"STU002425","Bachelor",15,"2020Q3"
"STU002428","Associate",8,"2018Q4"
"STU002428","Bachelor",18,"2021Q2"
"STU002430","Bachelor",26,"2023Q2"
"STU002431","Certificate",7,"2018Q3"
"STU002432","Certificate",5,"2018Q1"
"STU002432","Associate",9,"2019Q1"
"STU002433","Certificate",7,"2018Q3"
"STU002437","Bachelor",18,"2021Q2"
"STU002440","Associate",16,"2020Q4"
"STU002444","Associate",9,"2019Q1"
"STU002445","Bachelor",23,"2022Q3"
"STU002453","Associate",4,"2017Q4"
"STU002458","Certificate",7,"2018Q3"
"STU002461","Certificate",5,"2018Q1"
"STU002463","Associate",8,"2018Q4"
"STU002469","Bachelor",15,"2020Q3"
"STU002473","Bachelor",22,"2022Q2"
"STU002475","Bachelor",21,"2022Q1"
"STU002477","Associate",2,"2017Q2"
"STU002482","Associate",7,"2018Q3"
"STU002485","Certificate",6,"2018Q2"
"STU002488","Certificate",6,"2018Q2"
"STU002488","Associate",9,"2019Q1"
"STU002492","Associate",7,"2018Q3"
"STU002494","Bachelor",15,"2020Q3"
"STU002496","Bachelor",25,"2023Q1"
"STU002497","Certificate",6,"2018Q2"
"STU002504","Associate",9,"2019Q1"
"STU002504","Bachelor",20,"2021Q4"
"STU002505","Bachelor",15,"2020Q3"
"STU002507","Certificate",5,"2018Q1"
"STU002508","Associate",9,"2019Q1"
"STU002509","Bachelor",22,"2022Q2"
"STU002513","Associate",20,"2021Q4"
"STU002514","Associate",8,"2018Q4"
"STU002515","Bachelor",11,"2019Q3"
"STU002517","Bachelor",10,"2019Q2"
"STU002525","Bachelor",26,"2023Q2"
"STU002528","Certificate",5,"2018Q1"
"STU002528","Associate",8,"2018Q4"
"STU002530","Associate",8,"2018Q4"
"STU002531","Bachelor",15,"2020Q3"
"STU002532","Certificate",5,"2018Q1"
"STU002534","Bachelor",22,"2022Q2"
"STU002536","Bachelor",17,"2021Q1"
"STU002538","Associate",18,"2021Q2"
"STU002540","Bachelor",10,"2019Q2"
"STU002542","Bachelor",26,"2023Q2"
"STU002546","Bachelor",15,"2020Q3"
"STU002549","Bachelor",21,"2022Q1"
"STU002553","Bachelor",26,"2023Q2"
"STU002554","Certificate",5,"2018Q1"
"STU002557","Associate",15,"2020Q3"
"STU002558","Associate",2,"2017Q2"
"STU002562","Associate",21,"2022Q1"
"STU002562","Bachelor",22,"2022Q2"
"STU002564","Certificate",6,"2018Q2"
"STU002564","Associate",10,"2019Q2"
"STU002574","Bachelor",15,"2020Q3"
"STU002576","Associate",4,"2017Q4"
"STU002577","Certificate",5,"2018Q1"
"STU002577","Associate",9,"2019Q1"
"STU002578","Bachelor",10,"2019Q2"
"STU002579","Bachelor",11,"2019Q3"
"STU002582","Certificate",5,"2018Q1"
"STU002582","Associate",9,"2019Q1"
"STU002584","Associate",9,"2019Q1"
"STU002585","Bachelor",15,"2020Q3"
"STU002587","Associate",8,"2018Q4"
"STU002587","Bachelor",17,"2021Q1"
"STU002588","Bachelor",16,"2020Q4"
"STU002589","Bachelor",14,"2020Q2"
"STU002590","Associate",19,"2021Q3"
"STU002591","Bachelor",29,NA
"STU002593","Certificate",6,"2018Q2"
"STU002595","Bachelor",29,NA
"STU002597","Bachelor",15,"2020Q3"
"STU002599","Bachelor",16,"2020Q4"
"STU002600","Certificate",6,"2018Q2"
"STU002603","Bachelor",19,"2021Q3"
"STU002608","Associate",9,"2019Q1"
"STU002609","Associate",7,"2018Q3"
"STU002614","Bachelor",22,"2022Q2"
"STU002617","Associate",9,"2019Q1"
"STU002621","Certificate",6,"2018Q2"
"STU002621","Associate",12,"2019Q4"
"STU002624","Associate",8,"2018Q4"
"STU002625","Certificate",8,"2018Q4"
"STU002625","Associate",11,"2019Q3"
"STU002626","Bachelor",15,"2020Q3"
"STU002629","Certificate",4,"2017Q4"
"STU002629","Associate",7,"2018Q3"
"STU002630","Certificate",5,"2018Q1"
"STU002634","Associate",8,"2018Q4"
"STU002639","Bachelor",21,"2022Q1"
"STU002648","Bachelor",15,"2020Q3"
"STU002652","Associate",8,"2018Q4"
"STU002654","Certificate",4,"2017Q4"
"STU002655","Associate",9,"2019Q1"
"STU002658","Certificate",4,"2017Q4"
"STU002659","Certificate",7,"2018Q3"
"STU002660","Bachelor",26,"2023Q2"
"STU002661","Associate",9,"2019Q1"
"STU002662","Bachelor",15,"2020Q3"
"STU002663","Bachelor",16,"2020Q4"
"STU002666","Bachelor",16,"2020Q4"
"STU002668","Bachelor",16,"2020Q4"
"STU002669","Associate",9,"2019Q1"
"STU002670","Bachelor",16,"2020Q4"
"STU002671","Certificate",6,"2018Q2"
"STU002673","Bachelor",16,"2020Q4"
"STU002677","Associate",4,"2017Q4"
"STU002678","Certificate",5,"2018Q1"
"STU002678","Associate",9,"2019Q1"
"STU002680","Certificate",4,"2017Q4"
"STU002680","Associate",7,"2018Q3"
"STU002687","Bachelor",17,"2021Q1"
"STU002688","Certificate",6,"2018Q2"
"STU002688","Associate",10,"2019Q2"
"STU002690","Associate",11,"2019Q3"
"STU002690","Bachelor",19,"2021Q3"
"STU002692","Associate",8,"2018Q4"
"STU002693","Certificate",7,"2018Q3"
"STU002694","Associate",9,"2019Q1"
"STU002697","Associate",2,"2017Q2"
"STU002701","Associate",8,"2018Q4"
"STU002709","Certificate",6,"2018Q2"
"STU002709","Associate",9,"2019Q1"
"STU002726","Bachelor",16,"2020Q4"
"STU002727","Certificate",7,"2018Q3"
"STU002728","Bachelor",24,"2022Q4"
"STU002730","Bachelor",15,"2020Q3"
"STU002736","Associate",9,"2019Q1"
"STU002736","Bachelor",18,"2021Q2"
"STU002739","Associate",9,"2019Q1"
"STU002742","Associate",8,"2018Q4"
"STU002745","Bachelor",16,"2020Q4"
"STU002746","Associate",8,"2018Q4"
"STU002746","Bachelor",17,"2021Q1"
"STU002750","Bachelor",17,"2021Q1"
"STU002752","Bachelor",16,"2020Q4"
"STU002754","Bachelor",15,"2020Q3"
"STU002760","Bachelor",23,"2022Q3"
"STU002763","Associate",7,"2018Q3"
"STU002767","Bachelor",17,"2021Q1"
"STU002768","Bachelor",16,"2020Q4"
"STU002774","Certificate",4,"2017Q4"
"STU002775","Certificate",5,"2018Q1"
"STU002775","Associate",9,"2019Q1"
"STU002776","Associate",19,"2021Q3"
"STU002781","Certificate",6,"2018Q2"
"STU002781","Associate",10,"2019Q2"
"STU002783","Associate",7,"2018Q3"
"STU002786","Bachelor",17,"2021Q1"
"STU002787","Associate",16,"2020Q4"
"STU002793","Bachelor",16,"2020Q4"
"STU002796","Associate",9,"2019Q1"
"STU002798","Associate",9,"2019Q1"
"STU002798","Bachelor",21,"2022Q1"
"STU002800","Certificate",5,"2018Q1"
"STU002803","Bachelor",20,"2021Q4"
"STU002804","Associate",7,"2018Q3"
"STU002806","Associate",3,"2017Q3"
"STU002807","Bachelor",17,"2021Q1"
"STU002809","Bachelor",29,NA
"STU002811","Bachelor",29,NA
"STU002812","Bachelor",16,"2020Q4"
"STU002818","Certificate",6,"2018Q2"
"STU002818","Associate",10,"2019Q2"
"STU002820","Associate",7,"2018Q3"
"STU002820","Bachelor",19,"2021Q3"
"STU002822","Certificate",6,"2018Q2"
"STU002823","Certificate",4,"2017Q4"
"STU002828","Certificate",6,"2018Q2"
"STU002829","Bachelor",16,"2020Q4"
"STU002832","Bachelor",15,"2020Q3"
"STU002835","Bachelor",28,"2023Q4"
"STU002842","Certificate",7,"2018Q3"
"STU002843","Associate",5,"2018Q1"
"STU002845","Bachelor",16,"2020Q4"
"STU002853","Associate",8,"2018Q4"
"STU002856","Bachelor",24,"2022Q4"
"STU002857","Associate",14,"2020Q2"
"STU002859","Associate",8,"2018Q4"
"STU002861","Certificate",7,"2018Q3"
"STU002862","Associate",8,"2018Q4"
"STU002870","Bachelor",16,"2020Q4"
"STU002875","Associate",3,"2017Q3"
"STU002877","Bachelor",26,"2023Q2"
"STU002879","Certificate",6,"2018Q2"
"STU002880","Certificate",5,"2018Q1"
"STU002880","Associate",8,"2018Q4"
"STU002892","Bachelor",22,"2022Q2"
"STU002906","Associate",3,"2017Q3"
"STU002907","Bachelor",24,"2022Q4"
"STU002910","Bachelor",16,"2020Q4"
"STU002912","Certificate",6,"2018Q2"
"STU002912","Associate",10,"2019Q2"
"STU002913","Bachelor",18,"2021Q2"
"STU002915","Associate",7,"2018Q3"
"STU002917","Bachelor",15,"2020Q3"
"STU002925","Bachelor",18,"2021Q2"
"STU002927","Associate",8,"2018Q4"
"STU002927","Bachelor",17,"2021Q1"
"STU002932","Bachelor",16,"2020Q4"
"STU002934","Bachelor",15,"2020Q3"
"STU002935","Associate",7,"2018Q3"
"STU002936","Bachelor",20,"2021Q4"
"STU002937","Bachelor",21,"2022Q1"
"STU002942","Certificate",5,"2018Q1"
"STU002942","Associate",8,"2018Q4"
"STU002944","Bachelor",16,"2020Q4"
"STU002945","Bachelor",18,"2021Q2"
"STU002948","Certificate",5,"2018Q1"
"STU002948","Associate",10,"2019Q2"
"STU002950","Bachelor",15,"2020Q3"
"STU002952","Associate",7,"2018Q3"
"STU002952","Bachelor",17,"2021Q1"
"STU002954","Associate",9,"2019Q1"
"STU002956","Associate",9,"2019Q1"
"STU002958","Associate",19,"2021Q3"
"STU002959","Associate",8,"2018Q4"
"STU002960","Certificate",5,"2018Q1"
"STU002961","Associate",16,"2020Q4"
"STU002962","Bachelor",23,"2022Q3"
"STU002963","Bachelor",28,"2023Q4"
"STU002966","Associate",7,"2018Q3"
"STU002969","Certificate",4,"2017Q4"
"STU002969","Associate",7,"2018Q3"
"STU002971","Bachelor",17,"2021Q1"
"STU002973","Associate",7,"2018Q3"
"STU002976","Associate",21,"2022Q1"
"STU002976","Bachelor",20,"2021Q4"
"STU002979","Bachelor",16,"2020Q4"
"STU002982","Bachelor",15,"2020Q3"
"STU002989","Bachelor",15,"2020Q3"
"STU002990","Associate",9,"2019Q1"
"STU002992","Bachelor",10,"2019Q2"
"STU002993","Bachelor",18,"2021Q2"
"STU002997","Associate",8,"2018Q4"
"STU002998","Certificate",5,"2018Q1"
"STU002998","Associate",9,"2019Q1"
"STU002999","Associate",9,"2019Q1"
"STU003000","Associate",8,"2018Q4"
"STU003002","Bachelor",23,"2022Q3"
"STU003003","Bachelor",16,"2020Q4"
"STU003004","Bachelor",15,"2020Q3"
"STU003005","Certificate",4,"2017Q4"
"STU003006","Bachelor",7,"2018Q3"
"STU003007","Bachelor",17,"2021Q1"
"STU003010","Bachelor",16,"2020Q4"
"STU003013","Associate",8,"2018Q4"
"STU003014","Bachelor",16,"2020Q4"
"STU003016","Certificate",4,"2017Q4"
"STU003016","Associate",7,"2018Q3"
"STU003021","Bachelor",22,"2022Q2"
"STU003022","Bachelor",17,"2021Q1"
"STU003024","Bachelor",15,"2020Q3"
"STU003025","Associate",8,"2018Q4"
"STU003027","Bachelor",17,"2021Q1"
"STU003033","Bachelor",29,NA
"STU003036","Certificate",5,"2018Q1"
"STU003037","Bachelor",26,"2023Q2"
"STU003041","Associate",19,"2021Q3"
"STU003043","Bachelor",29,NA
"STU003050","Bachelor",16,"2020Q4"
"STU003051","Bachelor",16,"2020Q4"
"STU003057","Bachelor",17,"2021Q1"
"STU003061","Certificate",5,"2018Q1"
"STU003061","Associate",9,"2019Q1"
"STU003062","Associate",4,"2017Q4"
"STU003064","Certificate",4,"2017Q4"
"STU003065","Associate",18,"2021Q2"
"STU003066","Certificate",5,"2018Q1"
"STU003068","Certificate",7,"2018Q3"
"STU003078","Bachelor",18,"2021Q2"
"STU003080","Bachelor",17,"2021Q1"
"STU003081","Associate",9,"2019Q1"
"STU003083","Associate",8,"2018Q4"
"STU003085","Certificate",6,"2018Q2"
"STU003085","Associate",10,"2019Q2"
"STU003087","Associate",8,"2018Q4"
"STU003087","Bachelor",18,"2021Q2"
"STU003089","Associate",8,"2018Q4"
"STU003092","Bachelor",17,"2021Q1"
"STU003093","Associate",2,"2017Q2"
"STU003094","Associate",3,"2017Q3"
"STU003098","Bachelor",17,"2021Q1"
"STU003100","Bachelor",15,"2020Q3"
"STU003102","Associate",8,"2018Q4"
"STU003103","Bachelor",16,"2020Q4"
"STU003115","Bachelor",20,"2021Q4"
"STU003117","Bachelor",9,"2019Q1"
"STU003118","Bachelor",16,"2020Q4"
"STU003119","Bachelor",16,"2020Q4"
"STU003124","Certificate",4,"2017Q4"
"STU003125","Bachelor",25,"2023Q1"
"STU003126","Associate",8,"2018Q4"
"STU003126","Bachelor",17,"2021Q1"
"STU003128","Certificate",5,"2018Q1"
"STU003129","Bachelor",16,"2020Q4"
"STU003132","Bachelor",10,"2019Q2"
"STU003134","Bachelor",7,"2018Q3"
"STU003135","Bachelor",17,"2021Q1"
"STU003136","Bachelor",26,"2023Q2"
"STU003137","Bachelor",14,"2020Q2"
"STU003138","Bachelor",24,"2022Q4"
"STU003141","Bachelor",18,"2021Q2"
"STU003143","Bachelor",15,"2020Q3"
"STU003146","Associate",8,"2018Q4"
"STU003150","Bachelor",23,"2022Q3"
"STU003151","Associate",9,"2019Q1"
"STU003151","Bachelor",19,"2021Q3"
"STU003152","Bachelor",27,"2023Q3"
"STU003153","Certificate",6,"2018Q2"
"STU003156","Certificate",6,"2018Q2"
"STU003156","Associate",10,"2019Q2"
"STU003158","Bachelor",20,"2021Q4"
"STU003162","Bachelor",20,"2021Q4"
"STU003163","Bachelor",10,"2019Q2"
"STU003167","Bachelor",18,"2021Q2"
"STU003169","Bachelor",24,"2022Q4"
"STU003174","Associate",15,"2020Q3"
"STU003175","Bachelor",10,"2019Q2"
"STU003177","Associate",21,"2022Q1"
"STU003183","Associate",4,"2017Q4"
"STU003184","Associate",9,"2019Q1"
"STU003185","Certificate",6,"2018Q2"
"STU003188","Associate",7,"2018Q3"
"STU003191","Bachelor",7,"2018Q3"
"STU003192","Bachelor",15,"2020Q3"
"STU003195","Associate",2,"2017Q2"
"STU003200","Bachelor",16,"2020Q4"
"STU003202","Bachelor",29,NA
"STU003206","Certificate",6,"2018Q2"
"STU003206","Associate",10,"2019Q2"
"STU003211","Certificate",6,"2018Q2"
"STU003212","Associate",8,"2018Q4"
"STU003212","Bachelor",18,"2021Q2"
"STU003213","Bachelor",22,"2022Q2"
"STU003216","Associate",18,"2021Q2"
"STU003221","Bachelor",17,"2021Q1"
"STU003223","Certificate",7,"2018Q3"
"STU003228","Bachelor",27,"2023Q3"
"STU003229","Bachelor",9,"2019Q1"
"STU003232","Bachelor",15,"2020Q3"
"STU003234","Associate",3,"2017Q3"
"STU003236","Bachelor",17,"2021Q1"
"STU003239","Certificate",6,"2018Q2"
"STU003239","Associate",11,"2019Q3"
"STU003245","Bachelor",28,"2023Q4"
"STU003246","Associate",17,"2021Q1"
"STU003250","Bachelor",27,"2023Q3"
"STU003252","Associate",18,"2021Q2"
"STU003253","Bachelor",16,"2020Q4"
"STU003257","Bachelor",17,"2021Q1"
"STU003258","Bachelor",7,"2018Q3"
"STU003261","Associate",8,"2018Q4"
"STU003262","Associate",7,"2018Q3"
"STU003262","Bachelor",20,"2021Q4"
"STU003263","Associate",7,"2018Q3"
"STU003264","Bachelor",17,"2021Q1"
"STU003265","Associate",8,"2018Q4"
"STU003269","Certificate",5,"2018Q1"
"STU003269","Associate",10,"2019Q2"
"STU003270","Bachelor",29,NA
"STU003271","Associate",9,"2019Q1"
"STU003272","Certificate",6,"2018Q2"
"STU003272","Associate",9,"2019Q1"
"STU003273","Bachelor",17,"2021Q1"
"STU003274","Bachelor",18,"2021Q2"
"STU003275","Bachelor",29,NA
"STU003276","Bachelor",15,"2020Q3"
"STU003277","Associate",9,"2019Q1"
"STU003279","Associate",7,"2018Q3"
"STU003280","Associate",7,"2018Q3"
"STU003285","Certificate",4,"2017Q4"
"STU003286","Bachelor",17,"2021Q1"
"STU003290","Bachelor",12,"2019Q4"
"STU003291","Bachelor",16,"2020Q4"
"STU003292","Bachelor",11,"2019Q3"
"STU003293","Certificate",7,"2018Q3"
"STU003293","Associate",11,"2019Q3"
"STU003294","Associate",17,"2021Q1"
"STU003299","Certificate",5,"2018Q1"
"STU003299","Associate",8,"2018Q4"
"STU003300","Associate",3,"2017Q3"
"STU003304","Bachelor",15,"2020Q3"
"STU003307","Associate",7,"2018Q3"
"STU003308","Bachelor",17,"2021Q1"
"STU003309","Bachelor",16,"2020Q4"
"STU003314","Bachelor",15,"2020Q3"
"STU003315","Associate",8,"2018Q4"
"STU003315","Bachelor",17,"2021Q1"
"STU003316","Bachelor",18,"2021Q2"
"STU003324","Associate",14,"2020Q2"
"STU003326","Bachelor",17,"2021Q1"
"STU003331","Associate",2,"2017Q2"
"STU003337","Associate",3,"2017Q3"
"STU003340","Bachelor",17,"2021Q1"
"STU003341","Certificate",7,"2018Q3"
"STU003344","Certificate",8,"2018Q4"
"STU003346","Bachelor",17,"2021Q1"
"STU003359","Bachelor",23,"2022Q3"
"STU003365","Bachelor",21,"2022Q1"
"STU003372","Associate",10,"2019Q2"
"STU003373","Bachelor",24,"2022Q4"
"STU003375","Bachelor",15,"2020Q3"
"STU003376","Associate",13,"2020Q1"
"STU003376","Bachelor",20,"2021Q4"
"STU003380","Bachelor",16,"2020Q4"
"STU003381","Bachelor",22,"2022Q2"
"STU003383","Bachelor",17,"2021Q1"
"STU003388","Certificate",5,"2018Q1"
"STU003392","Bachelor",17,"2021Q1"
"STU003394","Bachelor",17,"2021Q1"
"STU003398","Bachelor",23,"2022Q3"
"STU003401","Certificate",5,"2018Q1"
"STU003401","Associate",9,"2019Q1"
"STU003403","Associate",21,"2022Q1"
"STU003405","Certificate",6,"2018Q2"
"STU003407","Certificate",7,"2018Q3"
"STU003407","Associate",12,"2019Q4"
"STU003415","Associate",20,"2021Q4"
"STU003421","Bachelor",8,"2018Q4"
"STU003422","Associate",7,"2018Q3"
"STU003424","Bachelor",10,"2019Q2"
"STU003425","Certificate",5,"2018Q1"
"STU003426","Certificate",6,"2018Q2"
"STU003426","Associate",10,"2019Q2"
"STU003428","Certificate",7,"2018Q3"
"STU003429","Bachelor",16,"2020Q4"
"STU003432","Associate",7,"2018Q3"
"STU003436","Associate",17,"2021Q1"
"STU003438","Bachelor",23,"2022Q3"
"STU003441","Associate",9,"2019Q1"
"STU003441","Bachelor",19,"2021Q3"
"STU003442","Bachelor",17,"2021Q1"
"STU003443","Bachelor",20,"2021Q4"
"STU003445","Certificate",7,"2018Q3"
"STU003447","Bachelor",20,"2021Q4"
"STU003455","Bachelor",17,"2021Q1"
"STU003457","Bachelor",16,"2020Q4"
"STU003475","Bachelor",15,"2020Q3"
"STU003478","Associate",2,"2017Q2"
"STU003483","Bachelor",24,"2022Q4"
"STU003487","Certificate",6,"2018Q2"
"STU003487","Associate",10,"2019Q2"
"STU003490","Bachelor",10,"2019Q2"
"STU003496","Bachelor",17,"2021Q1"
"STU003499","Certificate",5,"2018Q1"
"STU003499","Associate",8,"2018Q4"
"STU003500","Certificate",6,"2018Q2"
"STU003500","Associate",10,"2019Q2"
"STU003507","Bachelor",11,"2019Q3"
"STU003512","Associate",16,"2020Q4"
"STU003515","Bachelor",15,"2020Q3"
"STU003520","Certificate",7,"2018Q3"
"STU003521","Bachelor",27,"2023Q3"
"STU003524","Associate",9,"2019Q1"
"STU003528","Bachelor",16,"2020Q4"
"STU003529","Bachelor",16,"2020Q4"
"STU003534","Associate",8,"2018Q4"
"STU003539","Associate",18,"2021Q2"
"STU003540","Certificate",5,"2018Q1"
"STU003540","Associate",8,"2018Q4"
"STU003543","Associate",7,"2018Q3"
"STU003544","Bachelor",19,"2021Q3"
"STU003547","Bachelor",15,"2020Q3"
"STU003554","Bachelor",8,"2018Q4"
"STU003557","Certificate",6,"2018Q2"
"STU003557","Associate",10,"2019Q2"
"STU003558","Bachelor",9,"2019Q1"
"STU003560","Bachelor",10,"2019Q2"
"STU003563","Bachelor",16,"2020Q4"
"STU003564","Bachelor",17,"2021Q1"
"STU003565","Bachelor",17,"2021Q1"
"STU003566","Bachelor",17,"2021Q1"
"STU003569","Associate",9,"2019Q1"
"STU003572","Associate",7,"2018Q3"
"STU003574","Associate",9,"2019Q1"
"STU003583","Bachelor",25,"2023Q1"
"STU003584","Certificate",4,"2017Q4"
"STU003586","Certificate",4,"2017Q4"
"STU003587","Certificate",6,"2018Q2"
"STU003587","Associate",11,"2019Q3"
"STU003588","Associate",2,"2017Q2"
"STU003591","Certificate",5,"2018Q1"
"STU003591","Associate",8,"2018Q4"
"STU003593","Associate",2,"2017Q2"
"STU003595","Bachelor",15,"2020Q3"
"STU003597","Associate",8,"2018Q4"
"STU003600","Associate",8,"2018Q4"
"STU003600","Bachelor",19,"2021Q3"
"STU003604","Bachelor",16,"2020Q4"
"STU003608","Associate",14,"2020Q2"
"STU003608","Bachelor",16,"2020Q4"
"STU003613","Bachelor",10,"2019Q2"
"STU003619","Bachelor",16,"2020Q4"
"STU003621","Associate",8,"2018Q4"
"STU003621","Bachelor",18,"2021Q2"
"STU003623","Bachelor",17,"2021Q1"
"STU003629","Associate",8,"2018Q4"
"STU003631","Associate",13,"2020Q1"
"STU003632","Associate",8,"2018Q4"
"STU003638","Associate",9,"2019Q1"
"STU003638","Bachelor",20,"2021Q4"
"STU003639","Bachelor",17,"2021Q1"
"STU003647","Bachelor",23,"2022Q3"
"STU003649","Bachelor",17,"2021Q1"
"STU003650","Bachelor",8,"2018Q4"
"STU003652","Bachelor",15,"2020Q3"
"STU003657","Bachelor",16,"2020Q4"
"STU003663","Associate",3,"2017Q3"
"STU003666","Associate",8,"2018Q4"
"STU003666","Bachelor",16,"2020Q4"
"STU003676","Bachelor",16,"2020Q4"
"STU003680","Associate",9,"2019Q1"
"STU003681","Bachelor",26,"2023Q2"
"STU003684","Bachelor",22,"2022Q2"
"STU003689","Certificate",5,"2018Q1"
"STU003690","Bachelor",15,"2020Q3"
"STU003699","Bachelor",16,"2020Q4"
"STU003705","Bachelor",16,"2020Q4"
"STU003706","Associate",9,"2019Q1"
"STU003711","Associate",12,"2019Q4"
"STU003711","Bachelor",19,"2021Q3"
"STU003716","Associate",7,"2018Q3"
"STU003716","Bachelor",19,"2021Q3"
"STU003720","Associate",9,"2019Q1"
"STU003720","Bachelor",18,"2021Q2"
"STU003723","Associate",7,"2018Q3"
"STU003723","Bachelor",17,"2021Q1"
"STU003728","Associate",17,"2021Q1"
"STU003729","Associate",17,"2021Q1"
"STU003730","Bachelor",26,"2023Q2"
"STU003732","Certificate",6,"2018Q2"
"STU003732","Associate",11,"2019Q3"
"STU003733","Bachelor",16,"2020Q4"
"STU003734","Certificate",5,"2018Q1"
"STU003734","Associate",8,"2018Q4"
"STU003735","Bachelor",21,"2022Q1"
"STU003736","Certificate",5,"2018Q1"
"STU003737","Bachelor",19,"2021Q3"
"STU003738","Bachelor",17,"2021Q1"
"STU003739","Associate",4,"2017Q4"
"STU003740","Bachelor",16,"2020Q4"
"STU003741","Bachelor",16,"2020Q4"
"STU003745","Certificate",6,"2018Q2"
"STU003745","Associate",10,"2019Q2"
"STU003746","Associate",8,"2018Q4"
"STU003751","Associate",3,"2017Q3"
"STU003752","Certificate",5,"2018Q1"
"STU003756","Bachelor",28,"2023Q4"
"STU003758","Bachelor",20,"2021Q4"
"STU003762","Certificate",6,"2018Q2"
"STU003762","Associate",9,"2019Q1"
"STU003764","Bachelor",17,"2021Q1"
"STU003765","Bachelor",15,"2020Q3"
"STU003766","Bachelor",17,"2021Q1"
"STU003771","Bachelor",26,"2023Q2"
"STU003775","Bachelor",29,NA
"STU003777","Certificate",5,"2018Q1"
"STU003778","Associate",8,"2018Q4"
"STU003785","Bachelor",24,"2022Q4"
"STU003790","Associate",3,"2017Q3"
"STU003791","Bachelor",15,"2020Q3"
"STU003795","Associate",8,"2018Q4"
"STU003796","Certificate",6,"2018Q2"
"STU003798","Bachelor",11,"2019Q3"
"STU003800","Associate",19,"2021Q3"
"STU003801","Bachelor",16,"2020Q4"
"STU003803","Associate",8,"2018Q4"
"STU003804","Certificate",4,"2017Q4"
"STU003804","Associate",7,"2018Q3"
"STU003805","Certificate",5,"2018Q1"
"STU003806","Bachelor",8,"2018Q4"
"STU003810","Bachelor",16,"2020Q4"
"STU003813","Associate",13,"2020Q1"
"STU003813","Bachelor",16,"2020Q4"
"STU003817","Bachelor",8,"2018Q4"
"STU003820","Associate",15,"2020Q3"
"STU003823","Certificate",5,"2018Q1"
"STU003828","Certificate",6,"2018Q2"
"STU003828","Associate",11,"2019Q3"
"STU003830","Bachelor",17,"2021Q1"
"STU003835","Certificate",5,"2018Q1"
"STU003835","Associate",9,"2019Q1"
"STU003837","Associate",3,"2017Q3"
"STU003840","Associate",9,"2019Q1"
"STU003841","Bachelor",22,"2022Q2"
"STU003843","Bachelor",29,NA
"STU003844","Certificate",4,"2017Q4"
"STU003846","Certificate",6,"2018Q2"
"STU003847","Certificate",6,"2018Q2"
"STU003852","Bachelor",23,"2022Q3"
"STU003853","Bachelor",9,"2019Q1"
"STU003856","Associate",4,"2017Q4"
"STU003862","Certificate",5,"2018Q1"
"STU003867","Certificate",5,"2018Q1"
"STU003872","Bachelor",24,"2022Q4"
"STU003873","Associate",20,"2021Q4"
"STU003874","Associate",16,"2020Q4"
"STU003876","Associate",14,"2020Q2"
"STU003877","Certificate",6,"2018Q2"
"STU003879","Bachelor",10,"2019Q2"
"STU003880","Bachelor",15,"2020Q3"
"STU003881","Bachelor",19,"2021Q3"
"STU003884","Bachelor",22,"2022Q2"
"STU003885","Bachelor",15,"2020Q3"
"STU003894","Bachelor",16,"2020Q4"
"STU003895","Bachelor",15,"2020Q3"
"STU003897","Associate",9,"2019Q1"
"STU003897","Bachelor",19,"2021Q3"
"STU003899","Certificate",5,"2018Q1"
"STU003900","Associate",2,"2017Q2"
"STU003902","Associate",9,"2019Q1"
"STU003902","Bachelor",21,"2022Q1"
"STU003904","Bachelor",26,"2023Q2"
"STU003906","Associate",3,"2017Q3"
"STU003907","Bachelor",16,"2020Q4"
"STU003909","Associate",9,"2019Q1"
"STU003911","Bachelor",19,"2021Q3"
"STU003914","Bachelor",17,"2021Q1"
"STU003918","Bachelor",17,"2021Q1"
"STU003920","Bachelor",27,"2023Q3"
"STU003922","Associate",20,"2021Q4"
"STU003922","Bachelor",21,"2022Q1"
"STU003923","Certificate",6,"2018Q2"
"STU003924","Associate",2,"2017Q2"
"STU003925","Certificate",7,"2018Q3"
"STU003926","Bachelor",8,"2018Q4"
"STU003930","Bachelor",7,"2018Q3"
"STU003932","Bachelor",25,"2023Q1"
"STU003934","Bachelor",16,"2020Q4"
"STU003936","Bachelor",28,"2023Q4"
"STU003939","Associate",9,"2019Q1"
"STU003942","Associate",7,"2018Q3"
"STU003942","Bachelor",16,"2020Q4"
"STU003949","Associate",8,"2018Q4"
"STU003951","Bachelor",15,"2020Q3"
"STU003952","Bachelor",24,"2022Q4"
"STU003953","Associate",9,"2019Q1"
"STU003954","Bachelor",17,"2021Q1"
"STU003957","Certificate",6,"2018Q2"
"STU003957","Associate",11,"2019Q3"
"STU003959","Certificate",5,"2018Q1"
"STU003961","Certificate",6,"2018Q2"
"STU003961","Associate",11,"2019Q3"
"STU003963","Bachelor",16,"2020Q4"
"STU003966","Bachelor",16,"2020Q4"
"STU003971","Certificate",7,"2018Q3"
"STU003972","Certificate",7,"2018Q3"
"STU003976","Associate",2,"2017Q2"
"STU003978","Associate",8,"2018Q4"
"STU003978","Bachelor",20,"2021Q4"
"STU003987","Bachelor",16,"2020Q4"
"STU003993","Associate",8,"2018Q4"
"STU003993","Bachelor",18,"2021Q2"
"STU003995","Bachelor",26,"2023Q2"
"STU003996","Associate",15,"2020Q3"
"STU003996","Bachelor",19,"2021Q3"
"STU003997","Bachelor",11,"2019Q3"
"STU004003","Associate",7,"2018Q3"
"STU004003","Bachelor",19,"2021Q3"
"STU004009","Certificate",7,"2018Q3"
"STU004015","Associate",7,"2018Q3"
"STU004016","Bachelor",21,"2022Q1"
"STU004019","Bachelor",16,"2020Q4"
"STU004032","Bachelor",17,"2021Q1"
"STU004035","Associate",9,"2019Q1"
"STU004040","Associate",8,"2018Q4"
"STU004041","Certificate",5,"2018Q1"
"STU004043","Associate",8,"2018Q4"
"STU004046","Associate",8,"2018Q4"
"STU004050","Bachelor",29,NA
"STU004053","Associate",14,"2020Q2"
"STU004053","Bachelor",20,"2021Q4"
"STU004056","Associate",9,"2019Q1"
"STU004057","Bachelor",9,"2019Q1"
"STU004061","Associate",8,"2018Q4"
"STU004061","Bachelor",19,"2021Q3"
"STU004064","Bachelor",15,"2020Q3"
"STU004067","Associate",2,"2017Q2"
"STU004071","Associate",20,"2021Q4"
"STU004076","Associate",7,"2018Q3"
"STU004078","Certificate",7,"2018Q3"
"STU004089","Associate",9,"2019Q1"
"STU004091","Bachelor",20,"2021Q4"
"STU004095","Bachelor",11,"2019Q3"
"STU004097","Certificate",5,"2018Q1"
"STU004100","Certificate",5,"2018Q1"
"STU004101","Associate",2,"2017Q2"
"STU004102","Associate",18,"2021Q2"
"STU004103","Bachelor",17,"2021Q1"
"STU004111","Bachelor",17,"2021Q1"
"STU004112","Associate",8,"2018Q4"
"STU004114","Bachelor",16,"2020Q4"
"STU004123","Bachelor",15,"2020Q3"
"STU004125","Bachelor",21,"2022Q1"
"STU004128","Associate",2,"2017Q2"
"STU004137","Associate",7,"2018Q3"
"STU004138","Bachelor",16,"2020Q4"
"STU004142","Bachelor",16,"2020Q4"
"STU004143","Bachelor",16,"2020Q4"
"STU004144","Certificate",6,"2018Q2"
"STU004146","Bachelor",16,"2020Q4"
"STU004152","Certificate",5,"2018Q1"
"STU004155","Associate",9,"2019Q1"
"STU004160","Bachelor",15,"2020Q3"
"STU004161","Associate",8,"2018Q4"
"STU004161","Bachelor",21,"2022Q1"
"STU004164","Certificate",6,"2018Q2"
"STU004168","Associate",8,"2018Q4"
"STU004169","Certificate",7,"2018Q3"
"STU004170","Associate",14,"2020Q2"
"STU004177","Associate",8,"2018Q4"
"STU004179","Bachelor",16,"2020Q4"
"STU004181","Associate",9,"2019Q1"
"STU004181","Bachelor",22,"2022Q2"
"STU004185","Bachelor",11,"2019Q3"
"STU004186","Associate",8,"2018Q4"
"STU004188","Associate",9,"2019Q1"
"STU004190","Bachelor",16,"2020Q4"
"STU004193","Bachelor",16,"2020Q4"
"STU004197","Bachelor",15,"2020Q3"
"STU004199","Bachelor",16,"2020Q4"
"STU004202","Bachelor",25,"2023Q1"
"STU004203","Associate",8,"2018Q4"
"STU004208","Bachelor",17,"2021Q1"
"STU004210","Associate",8,"2018Q4"
"STU004211","Certificate",6,"2018Q2"
"STU004215","Associate",2,"2017Q2"
"STU004219","Certificate",5,"2018Q1"
"STU004219","Associate",9,"2019Q1"
"STU004220","Associate",4,"2017Q4"
"STU004225","Associate",8,"2018Q4"
"STU004226","Bachelor",15,"2020Q3"
"STU004228","Certificate",7,"2018Q3"
"STU004228","Associate",11,"2019Q3"
"STU004232","Bachelor",24,"2022Q4"
"STU004239","Associate",7,"2018Q3"
"STU004241","Associate",20,"2021Q4"
"STU004242","Bachelor",16,"2020Q4"
"STU004244","Associate",4,"2017Q4"
"STU004246","Associate",7,"2018Q3"
"STU004246","Bachelor",19,"2021Q3"
"STU004249","Bachelor",17,"2021Q1"
"STU004253","Certificate",5,"2018Q1"
"STU004253","Associate",8,"2018Q4"
"STU004259","Bachelor",16,"2020Q4"
"STU004260","Certificate",6,"2018Q2"
"STU004261","Associate",9,"2019Q1"
"STU004264","Certificate",7,"2018Q3"
"STU004264","Associate",12,"2019Q4"
"STU004266","Associate",11,"2019Q3"
"STU004266","Bachelor",22,"2022Q2"
"STU004271","Associate",3,"2017Q3"
"STU004273","Associate",9,"2019Q1"
"STU004280","Associate",3,"2017Q3"
"STU004282","Certificate",7,"2018Q3"
"STU004283","Associate",9,"2019Q1"
"STU004286","Associate",8,"2018Q4"
"STU004287","Certificate",4,"2017Q4"
"STU004287","Associate",7,"2018Q3"
"STU004291","Certificate",7,"2018Q3"
"STU004294","Associate",8,"2018Q4"
"STU004294","Bachelor",18,"2021Q2"
"STU004296","Bachelor",17,"2021Q1"
"STU004300","Associate",17,"2021Q1"
"STU004305","Bachelor",21,"2022Q1"
"STU004307","Certificate",6,"2018Q2"
"STU004308","Associate",16,"2020Q4"
"STU004309","Associate",9,"2019Q1"
"STU004310","Bachelor",15,"2020Q3"
"STU004311","Certificate",7,"2018Q3"
"STU004311","Associate",11,"2019Q3"
"STU004313","Associate",8,"2018Q4"
"STU004314","Associate",10,"2019Q2"
"STU004314","Bachelor",21,"2022Q1"
"STU004319","Associate",7,"2018Q3"
"STU004320","Associate",8,"2018Q4"
"STU004321","Bachelor",25,"2023Q1"
"STU004322","Bachelor",28,"2023Q4"
"STU004323","Associate",18,"2021Q2"
"STU004324","Bachelor",11,"2019Q3"
"STU004325","Bachelor",17,"2021Q1"
"STU004330","Bachelor",17,"2021Q1"
"STU004333","Bachelor",20,"2021Q4"
"STU004334","Associate",18,"2021Q2"
"STU004335","Associate",7,"2018Q3"
"STU004337","Associate",7,"2018Q3"
"STU004343","Bachelor",16,"2020Q4"
"STU004348","Associate",9,"2019Q1"
"STU004351","Bachelor",20,"2021Q4"
"STU004354","Bachelor",23,"2022Q3"
"STU004355","Associate",14,"2020Q2"
"STU004363","Bachelor",25,"2023Q1"
"STU004364","Associate",3,"2017Q3"
"STU004367","Associate",8,"2018Q4"
"STU004368","Bachelor",15,"2020Q3"
"STU004369","Bachelor",15,"2020Q3"
"STU004374","Bachelor",8,"2018Q4"
"STU004381","Associate",21,"2022Q1"
"STU004384","Associate",3,"2017Q3"
"STU004395","Bachelor",25,"2023Q1"
"STU004398","Bachelor",28,"2023Q4"
"STU004399","Bachelor",17,"2021Q1"
"STU004401","Bachelor",16,"2020Q4"
"STU004402","Certificate",6,"2018Q2"
"STU004403","Associate",16,"2020Q4"
"STU004404","Bachelor",16,"2020Q4"
"STU004409","Associate",19,"2021Q3"
"STU004411","Certificate",7,"2018Q3"
"STU004412","Certificate",4,"2017Q4"
"STU004413","Associate",16,"2020Q4"
"STU004414","Certificate",5,"2018Q1"
"STU004414","Associate",8,"2018Q4"
"STU004419","Associate",8,"2018Q4"
"STU004421","Bachelor",21,"2022Q1"
"STU004422","Bachelor",16,"2020Q4"
"STU004423","Bachelor",25,"2023Q1"
"STU004425","Associate",8,"2018Q4"
"STU004428","Associate",9,"2019Q1"
"STU004431","Bachelor",23,"2022Q3"
"STU004432","Associate",17,"2021Q1"
"STU004433","Bachelor",17,"2021Q1"
"STU004439","Associate",7,"2018Q3"
"STU004441","Associate",8,"2018Q4"
"STU004441","Bachelor",21,"2022Q1"
"STU004442","Associate",8,"2018Q4"
"STU004442","Bachelor",19,"2021Q3"
"STU004446","Bachelor",15,"2020Q3"
"STU004457","Bachelor",16,"2020Q4"
"STU004458","Bachelor",17,"2021Q1"
"STU004461","Bachelor",18,"2021Q2"
"STU004465","Associate",8,"2018Q4"
"STU004468","Associate",9,"2019Q1"
"STU004473","Certificate",6,"2018Q2"
"STU004473","Associate",11,"2019Q3"
"STU004484","Bachelor",25,"2023Q1"
"STU004486","Bachelor",10,"2019Q2"
"STU004489","Bachelor",20,"2021Q4"
"STU004503","Associate",20,"2021Q4"
"STU004505","Associate",7,"2018Q3"
"STU004505","Bachelor",17,"2021Q1"
"STU004508","Bachelor",7,"2018Q3"
"STU004509","Associate",8,"2018Q4"
"STU004514","Associate",8,"2018Q4"
"STU004515","Certificate",6,"2018Q2"
"STU004519","Associate",9,"2019Q1"
"STU004524","Bachelor",11,"2019Q3"
"STU004529","Associate",14,"2020Q2"
"STU004530","Bachelor",16,"2020Q4"
"STU004531","Bachelor",17,"2021Q1"
"STU004533","Certificate",4,"2017Q4"
"STU004534","Bachelor",24,"2022Q4"
"STU004536","Associate",7,"2018Q3"
"STU004538","Bachelor",16,"2020Q4"
"STU004540","Certificate",7,"2018Q3"
"STU004543","Associate",9,"2019Q1"
"STU004549","Certificate",6,"2018Q2"
"STU004549","Associate",11,"2019Q3"
"STU004552","Bachelor",17,"2021Q1"
"STU004553","Bachelor",21,"2022Q1"
"STU004555","Bachelor",15,"2020Q3"
"STU004556","Bachelor",17,"2021Q1"
"STU004558","Associate",9,"2019Q1"
"STU004562","Associate",8,"2018Q4"
"STU004563","Bachelor",17,"2021Q1"
"STU004565","Bachelor",15,"2020Q3"
"STU004566","Associate",7,"2018Q3"
"STU004570","Associate",21,"2022Q1"
"STU004573","Bachelor",16,"2020Q4"
"STU004574","Bachelor",17,"2021Q1"
"STU004575","Associate",8,"2018Q4"
"STU004576","Bachelor",17,"2021Q1"
"STU004579","Certificate",5,"2018Q1"
"STU004580","Associate",9,"2019Q1"
"STU004580","Bachelor",20,"2021Q4"
"STU004582","Associate",3,"2017Q3"
"STU004585","Bachelor",17,"2021Q1"
"STU004588","Bachelor",17,"2021Q1"
"STU004590","Bachelor",20,"2021Q4"
"STU004594","Associate",9,"2019Q1"
"STU004596","Bachelor",7,"2018Q3"
"STU004599","Bachelor",15,"2020Q3"
"STU004600","Associate",18,"2021Q2"
"STU004602","Associate",9,"2019Q1"
"STU004602","Bachelor",19,"2021Q3"
"STU004603","Associate",8,"2018Q4"
"STU004603","Bachelor",19,"2021Q3"
"STU004604","Associate",8,"2018Q4"
"STU004607","Bachelor",27,"2023Q3"
"STU004610","Bachelor",15,"2020Q3"
"STU004611","Bachelor",15,"2020Q3"
"STU004615","Bachelor",16,"2020Q4"
"STU004616","Certificate",7,"2018Q3"
"STU004620","Associate",8,"2018Q4"
"STU004627","Certificate",6,"2018Q2"
"STU004627","Associate",10,"2019Q2"
"STU004628","Bachelor",17,"2021Q1"
"STU004635","Bachelor",19,"2021Q3"
"STU004637","Bachelor",22,"2022Q2"
"STU004638","Bachelor",11,"2019Q3"
"STU004640","Bachelor",19,"2021Q3"
"STU004641","Bachelor",22,"2022Q2"
"STU004643","Bachelor",15,"2020Q3"
"STU004648","Associate",9,"2019Q1"
"STU004651","Bachelor",15,"2020Q3"
"STU004652","Bachelor",25,"2023Q1"
"STU004654","Certificate",7,"2018Q3"
"STU004654","Associate",11,"2019Q3"
"STU004658","Associate",10,"2019Q2"
"STU004658","Bachelor",17,"2021Q1"
"STU004659","Bachelor",16,"2020Q4"
"STU004663","Associate",16,"2020Q4"
"STU004663","Bachelor",20,"2021Q4"
"STU004669","Associate",9,"2019Q1"
"STU004674","Bachelor",21,"2022Q1"
"STU004680","Associate",7,"2018Q3"
"STU004681","Certificate",5,"2018Q1"
"STU004681","Associate",9,"2019Q1"
"STU004684","Bachelor",28,"2023Q4"
"STU004690","Associate",9,"2019Q1"
"STU004690","Bachelor",20,"2021Q4"
"STU004693","Bachelor",8,"2018Q4"
"STU004699","Associate",20,"2021Q4"
"STU004700","Certificate",6,"2018Q2"
"STU004701","Bachelor",16,"2020Q4"
"STU004706","Bachelor",17,"2021Q1"
"STU004708","Bachelor",29,NA
"STU004712","Bachelor",15,"2020Q3"
"STU004714","Associate",7,"2018Q3"
"STU004718","Bachelor",8,"2018Q4"
"STU004720","Certificate",6,"2018Q2"
"STU004720","Associate",10,"2019Q2"
"STU004721","Bachelor",16,"2020Q4"
"STU004725","Bachelor",15,"2020Q3"
"STU004726","Bachelor",15,"2020Q3"
"STU004730","Bachelor",16,"2020Q4"
"STU004733","Associate",9,"2019Q1"
"STU004735","Associate",20,"2021Q4"
"STU004738","Bachelor",16,"2020Q4"
"STU004742","Associate",22,"2022Q2"
"STU004746","Bachelor",28,"2023Q4"
"STU004748","Associate",19,"2021Q3"
"STU004749","Bachelor",26,"2023Q2"
"STU004750","Certificate",6,"2018Q2"
"STU004752","Certificate",5,"2018Q1"
"STU004752","Associate",11,"2019Q3"
"STU004753","Associate",8,"2018Q4"
"STU004755","Bachelor",15,"2020Q3"
"STU004756","Certificate",5,"2018Q1"
"STU004759","Bachelor",17,"2021Q1"
"STU004761","Associate",11,"2019Q3"
"STU004761","Bachelor",19,"2021Q3"
"STU004763","Certificate",5,"2018Q1"
"STU004767","Certificate",5,"2018Q1"
"STU004767","Associate",9,"2019Q1"
"STU004769","Associate",8,"2018Q4"
"STU004769","Bachelor",20,"2021Q4"
"STU004770","Associate",4,"2017Q4"
"STU004772","Bachelor",8,"2018Q4"
"STU004773","Bachelor",19,"2021Q3"
"STU004774","Bachelor",21,"2022Q1"
"STU004778","Associate",3,"2017Q3"
"STU004790","Associate",9,"2019Q1"
"STU004790","Bachelor",23,"2022Q3"
"STU004791","Bachelor",28,"2023Q4"
"STU004792","Bachelor",27,"2023Q3"
"STU004793","Certificate",5,"2018Q1"
"STU004793","Associate",8,"2018Q4"
"STU004795","Bachelor",15,"2020Q3"
"STU004797","Bachelor",16,"2020Q4"
"STU004800","Certificate",4,"2017Q4"
"STU004800","Associate",7,"2018Q3"
"STU004802","Certificate",5,"2018Q1"
"STU004802","Associate",10,"2019Q2"
"STU004803","Certificate",6,"2018Q2"
"STU004806","Bachelor",11,"2019Q3"
"STU004808","Bachelor",27,"2023Q3"
"STU004810","Bachelor",22,"2022Q2"
"STU004811","Associate",8,"2018Q4"
"STU004812","Bachelor",19,"2021Q3"
"STU004813","Bachelor",16,"2020Q4"
"STU004814","Bachelor",16,"2020Q4"
"STU004821","Bachelor",8,"2018Q4"
"STU004822","Bachelor",9,"2019Q1"
"STU004827","Bachelor",15,"2020Q3"
"STU004831","Bachelor",11,"2019Q3"
"STU004835","Bachelor",14,"2020Q2"
"STU004836","Bachelor",7,"2018Q3"
"STU004837","Bachelor",17,"2021Q1"
"STU004840","Certificate",5,"2018Q1"
"STU004842","Associate",8,"2018Q4"
"STU004844","Bachelor",15,"2020Q3"
"STU004847","Bachelor",15,"2020Q3"
"STU004848","Certificate",7,"2018Q3"
"STU004849","Bachelor",20,"2021Q4"
"STU004851","Associate",7,"2018Q3"
"STU004855","Certificate",5,"2018Q1"
"STU004858","Certificate",7,"2018Q3"
"STU004864","Associate",9,"2019Q1"
"STU004864","Bachelor",23,"2022Q3"
"STU004865","Bachelor",15,"2020Q3"
"STU004867","Certificate",6,"2018Q2"
"STU004867","Associate",11,"2019Q3"
"STU004870","Bachelor",20,"2021Q4"
"STU004871","Certificate",5,"2018Q1"
"STU004874","Associate",8,"2018Q4"
"STU004879","Certificate",4,"2017Q4"
"STU004880","Bachelor",8,"2018Q4"
"STU004881","Bachelor",19,"2021Q3"
"STU004884","Bachelor",10,"2019Q2"
"STU004885","Associate",7,"2018Q3"
"STU004885","Bachelor",20,"2021Q4"
"STU004886","Certificate",5,"2018Q1"
"STU004889","Certificate",5,"2018Q1"
"STU004889","Associate",8,"2018Q4"
"STU004891","Certificate",6,"2018Q2"
"STU004892","Bachelor",15,"2020Q3"
"STU004897","Bachelor",21,"2022Q1"
"STU004901","Certificate",5,"2018Q1"
"STU004901","Associate",8,"2018Q4"
"STU004902","Bachelor",15,"2020Q3"
"STU004908","Associate",2,"2017Q2"
"STU004911","Bachelor",16,"2020Q4"
"STU004920","Bachelor",9,"2019Q1"
"STU004926","Certificate",6,"2018Q2"
"STU004934","Bachelor",9,"2019Q1"
"STU004936","Associate",8,"2018Q4"
"STU004938","Bachelor",24,"2022Q4"
"STU004945","Certificate",6,"2018Q2"
"STU004945","Associate",10,"2019Q2"
"STU004947","Bachelor",15,"2020Q3"
"STU004949","Bachelor",15,"2020Q3"
"STU004952","Bachelor",17,"2021Q1"
"STU004953","Associate",4,"2017Q4"
"STU004959","Associate",15,"2020Q3"
"STU004959","Bachelor",19,"2021Q3"
"STU004961","Bachelor",15,"2020Q3"
"STU004963","Bachelor",27,"2023Q3"
"STU004966","Bachelor",16,"2020Q4"
"STU004967","Bachelor",15,"2020Q3"
"STU004968","Associate",7,"2018Q3"
"STU004970","Associate",8,"2018Q4"
"STU004972","Bachelor",16,"2020Q4"
"STU004974","Associate",8,"2018Q4"
"STU004980","Associate",19,"2021Q3"
"STU004985","Bachelor",15,"2020Q3"
"STU004990","Bachelor",17,"2021Q1"
"STU004992","Associate",19,"2021Q3"
"STU005000","Associate",9,"2019Q1"
